,text,onset,offset
0,当,0.0,0.14206659036444588
1,我,0.14206659036444588,0.2521454099470163
2,还,0.2521454099470163,0.4343448354629949
3,只有,0.4343448354629949,0.6696857600878006
4,六,0.6696857600878006,0.8860475778880251
5,岁,0.8860475778880251,1.0606553606741715
6,的,1.0606553606741715,1.1441634307023283
7,时候,1.1441634307023283,1.5771286909141518
8,sil,1.5771286909141518,2.1576477351349594
9,在,2.1576477351349594,2.336051339286022
10,一,2.336051339286022,2.4385385161387596
11,本,2.4385385161387596,2.5258424075318326
12,描写,2.5258424075318326,2.928199472212952
13,原始,2.928199472212952,3.2546401095957473
14,森林,3.2546401095957473,3.689884031885325
15,的,3.689884031885325,3.793179138322036
16,sil,3.793179138322036,4.161179138322035
17,名,4.161179138322035,4.297215450271921
18,叫,4.297215450271921,4.464231590328234
19,真实,4.464231590328234,4.836222084090024
20,的,4.836222084090024,4.904546868658516
21,故事,4.904546868658516,5.2196000419465625
22,的,5.2196000419465625,5.306903933339635
23,书,5.306903933339635,5.508082465680195
24,中,5.508082465680195,5.705179138322036
25,sil,5.705179138322036,6.047638066899405
26,看到,6.047638066899405,6.320937205173372
27,了,6.320937205173372,6.400649453836613
28,一,6.400649453836613,6.48415752386477
29,幅,6.48415752386477,6.635990378461419
30,精彩,6.635990378461419,6.969179138322035
31,的,6.969179138322035,7.0611223713320355
32,插画,7.0611223713320355,7.467275257378072
33,sil,7.467275257378072,8.02146517665584
34,画,8.02146517665584,8.24162281582098
35,的,8.24162281582098,8.443350315562647
36,sil,8.443350315562647,8.762199310215609
37,是,8.762199310215609,8.944398735731587
38,一,8.944398735731587,9.024110984394827
39,条,9.024110984394827,9.198718767180974
40,蟒蛇,9.198718767180974,9.72633793690433
41,sil,9.72633793690433,9.873179138322035
42,正在,9.873179138322035,10.105179138322036
43,吞食,10.105179138322036,10.527256244901652
44,一,10.527256244901652,10.656314171308804
45,只,10.656314171308804,10.775573506674151
46,大,10.775573506674151,10.938793825365549
47,野兽,10.938793825365549,11.299396855032589
48,sil,11.299396855032589,12.105179138322036
49,页头,12.105179138322036,12.464714014061869
50,上,12.464714014061869,12.689179138322036
51,sil,12.689179138322036,12.921179138322035
52,就,12.921179138322035,13.060657968353716
53,是,13.060657968353716,13.159349323841537
54,那,13.159349323841537,13.292203071613605
55,幅,13.292203071613605,13.425056819385672
56,画,13.425056819385672,13.584481316712154
57,的,13.584481316712154,13.69835595765964
58,摹本,13.69835595765964,14.069234462748343
59,sil,14.069234462748343,14.977179138322036
60,这,14.977179138322036,15.105493695370471
61,本,15.105493695370471,15.230755800412707
62,书,15.230755800412707,15.39777194046902
63,中,15.39777194046902,15.526829866876172
64,写道,15.526829866876172,15.910207824732709
65,sil,15.910207824732709,16.44117913832204
66,这些,16.44117913832204,16.698159562796153
67,蟒蛇,16.698159562796153,17.229574553884426
68,把,17.229574553884426,17.4345489075899
69,它们,17.4345489075899,17.673685653579625
70,的,17.673685653579625,17.74580625951303
71,猎获物,17.74580625951303,18.345179138322038
72,sil,18.345179138322038,18.451829033387448
73,不,18.451829033387448,18.548573684824785
74,加,18.548573684824785,18.706149064836836
75,咀嚼,18.706149064836836,19.033179138322037
76,地,19.033179138322037,19.128826105478176
77,囫囵,19.128826105478176,19.474245849685552
78,吞,19.474245849685552,19.684177263213485
79,下,19.684177263213485,19.9297444134755
80,sil,19.9297444134755,20.47317913832204
81,尔后,20.47317913832204,20.865179138322038
82,sil,20.865179138322038,21.11317913832204
83,就,21.11317913832204,21.231711141641764
84,不,21.231711141641764,21.354599152968675
85,能,21.354599152968675,21.495044543470573
86,再,21.495044543470573,21.624102469877727
87,动弹,21.624102469877727,21.954338928625436
88,了,21.954338928625436,22.094784319127335
89,sil,22.094784319127335,22.827377842556167
90,它们,22.827377842556167,23.04373966035639
91,就,23.04373966035639,23.172797586763544
92,在,23.172797586763544,23.29805969180578
93,长长,23.29805969180578,23.745966612865892
94,的,23.745966612865892,23.829474682894052
95,六,23.829474682894052,24.026857393869694
96,个,24.026857393869694,24.14073203481718
97,月,24.14073203481718,24.243219211669917
98,的,24.243219211669917,24.338114745792826
99,睡眠,24.338114745792826,24.77212999687125
100,中,24.77212999687125,24.969179138322037
101,sil,24.969179138322037,25.201057811106782
102,消化,25.201057811106782,25.622393982612483
103,这些,25.622393982612483,25.876714014061868
104,食物,25.876714014061868,26.217179138322038
105,sil,26.217179138322038,27.265179138322036
106,当时,27.265179138322036,27.705179138322038
107,sil,27.705179138322038,28.233179138322036
108,我,28.233179138322036,28.34801790545494
109,对,28.34801790545494,28.450505082307682
110,丛林,28.450505082307682,28.738987506041315
111,中,28.738987506041315,28.849066325623884
112,的,28.849066325623884,28.97432843066612
113,奇遇,28.97432843066612,29.26660667576467
114,想,29.26660667576467,29.46778520810523
115,得,29.46778520810523,29.55387842226475
116,很,29.55387842226475,29.800606810984302
117,多,29.800606810984302,30.032151914244192
118,sil,30.032151914244192,30.681179138322037
119,于是,30.681179138322037,31.04917913832204
120,sil,31.04917913832204,31.345179138322038
121,我,31.345179138322038,31.47835985427727
122,也,31.47835985427727,31.626396887509003
123,用,31.626396887509003,31.766842278010902
124,彩色,31.766842278010902,32.07944399044931
125,铅笔,32.07944399044931,32.47317913832203
126,sil,32.47317913832203,32.65261301655166
127,画,32.65261301655166,32.78926258568865
128,出,32.78926258568865,32.960074547109876
129,了,32.960074547109876,33.0587659025977
130,我,33.0587659025977,33.169179138322036
131,的,33.169179138322036,33.26374025630318
132,第一,33.26374025630318,33.545179138322034
133,幅,33.545179138322034,33.68507642780888
134,图画,33.68507642780888,34.12539170613916
135,sil,34.12539170613916,34.633179138322035
136,我,34.633179138322035,34.775238161478796
137,的,34.775238161478796,34.96117913832203
138,sil,34.96117913832203,35.145179138322035
139,第一,35.145179138322035,35.39775286532506
140,号,35.39775286532506,35.579952290841035
141,作品,35.579952290841035,35.977179138322036
142,sil,35.977179138322036,36.60792581823616
143,它,36.60792581823616,36.75216703010298
144,是,36.75216703010298,36.88502077787505
145,这样,36.88502077787505,37.21905305798767
146,的,37.21905305798767,37.378477555314156
147,sil,37.378477555314156,38.72599413985942
148,我,38.72599413985942,38.836072959441985
149,把,38.836072959441985,38.98245953455884
150,我,38.98245953455884,39.12290492506074
151,的,39.12290492506074,39.210208816453815
152,这,39.210208816453815,39.3468583855908
153,幅,39.3468583855908,39.468324669268114
154,杰作,39.468324669268114,39.889660840773814
155,拿,39.889660840773814,40.08704355174946
156,给,40.08704355174946,40.204714014061864
157,大人,40.204714014061864,40.496992259160415
158,看,40.496992259160415,40.73992482651505
159,sil,40.73992482651505,41.40917913832203
160,我,41.40917913832203,41.512055930407776
161,问,41.512055930407776,41.656297142274596
162,他们,41.656297142274596,41.98517913832203
163,sil,41.98517913832203,42.289179138322034
164,我,42.289179138322034,42.438236343447336
165,的,42.438236343447336,42.506561128015825
166,画,42.506561128015825,42.77717913832203
167,sil,42.77717913832203,42.901326549967116
168,是,42.901326549967116,43.08352597548309
169,不,43.08352597548309,43.14425911732175
170,是,43.14425911732175,43.269521222363984
171,叫,43.269521222363984,43.39857914877114
172,他们,43.39857914877114,43.561799467462535
173,害怕,43.561799467462535,44.00117913832204
174,sil,44.00117913832204,44.889179138322035
175,他们,44.889179138322035,45.09545190901963
176,回答,45.09545190901963,45.440871653227006
177,我,45.440871653227006,45.55474629417449
178,说,45.55474629417449,45.785179138322036
179,sil,45.785179138322036,46.44296849356489
180,害怕,46.44296849356489,47.015517460966
181,sil,47.015517460966,47.68917913832203
182,一,47.68917913832203,47.812639947598406
183,顶,47.812639947598406,47.918922945816064
184,帽子,47.918922945816064,48.48917913832204
185,sil,48.48917913832204,48.70517913832204
186,有,48.70517913832204,48.8413075374907
187,什么,48.8413075374907,49.11317913832203
188,可怕,49.11317913832203,49.47515564316577
189,的,49.47515564316577,49.59662192684309
190,sil,49.59662192684309,50.545179138322034
191,我,50.545179138322034,50.66324773038455
192,画,50.66324773038455,50.85717913832203
193,的,50.85717913832203,50.944138511388346
194,不,50.944138511388346,51.156704507823655
195,是,51.156704507823655,51.29714989832556
196,帽子,51.29714989832556,51.697179138322035
197,sil,51.697179138322035,52.224417748208005
198,是,52.224417748208005,52.39143388826432
199,一,52.39143388826432,52.45975867283281
200,条,52.45975867283281,52.64195809834879
201,巨蟒,52.64195809834879,53.017179138322035
202,sil,53.017179138322035,53.196148017626555
203,在,53.196148017626555,53.321410122668794
204,消化,53.321410122668794,53.64785076005159
205,着,53.64785076005159,53.74654211553941
206,一,53.74654211553941,53.830050185567565
207,头,53.830050185567565,53.96290393333963
208,大象,53.96290393333963,54.39317913832203
209,sil,54.39317913832203,55.22822307581113
210,既然,55.22822307581113,55.59262192684309
211,大人们,55.59262192684309,55.9684082419698
212,不,55.9684082419698,56.07469124018745
213,能够,56.07469124018745,56.351786199826336
214,理解,56.351786199826336,56.761179138322035
215,sil,56.761179138322035,57.30517913832203
216,于是,57.30517913832203,57.68117913832204
217,sil,57.68117913832204,57.98517913832203
218,我,57.98517913832203,58.112186042579395
219,又,58.112186042579395,58.237448147621635
220,把,58.237448147621635,58.36271025266387
221,巨蟒,58.36271025266387,58.68915089004666
222,肚子,58.68915089004666,59.000408241969794
223,里,59.000408241969794,59.125670347012026
224,的,59.125670347012026,59.228157523864766
225,情况,59.228157523864766,59.5621898039774
226,画,59.5621898039774,59.70263519447929
227,了,59.70263519447929,59.78993908587237
228,出来,59.78993908587237,60.10499225916041
229,sil,60.10499225916041,60.569179138322035
230,以便,60.569179138322035,60.803423390305
231,让,60.803423390305,60.95238071497628
232,大人们,60.95238071497628,61.28261717372399
233,能够,61.28261717372399,61.555916311997954
234,看,61.555916311997954,61.75847294603221
235,懂,61.75847294603221,61.97345666213874
236,sil,61.97345666213874,62.698458542837734
237,这些,62.698458542837734,63.00592007339595
238,大人,63.00592007339595,63.36917913832203
239,sil,63.36917913832203,63.557113856814944
240,总是,63.557113856814944,63.88735031556266
241,需要,63.88735031556266,64.15305781110679
242,解释,64.15305781110679,64.53263994759841
243,sil,64.53263994759841,65.65717913832204
244,我,65.65717913832204,65.78526099802076
245,的,65.78526099802076,65.87256488941384
246,第二,65.87256488941384,66.2014851808534
247,号,66.2014851808534,66.34952221408513
248,作品,66.34952221408513,66.75947092149607
249,sil,66.75947092149607,66.92269124018748
250,是,66.92269124018748,67.07831991614904
251,这样,67.07831991614904,67.40476055353183
252,的,67.40476055353183,67.55659340812848
253,sil,67.55659340812848,68.74517913832204
254,大人们,68.74517913832204,69.12613474999034
255,劝,69.12613474999034,69.39184224553448
256,我,69.39184224553448,69.52917913832204
257,sil,69.52917913832204,69.75317913832204
258,把,69.75317913832204,69.85872827341916
259,这些,69.85872827341916,70.20794383899145
260,画,70.20794383899145,70.40117913832204
261,着,70.40117913832204,70.50022208409001
262,开,70.50022208409001,70.70517913832204
263,着,70.70517913832204,70.79250032918856
264,肚皮,70.79250032918856,71.18346992977493
265,的,71.18346992977493,71.31632367754699
266,sil,71.31632367754699,71.70711860993407
267,或,71.70711860993407,71.80201414405697
268,闭,71.80201414405697,71.99012999710891
269,上,71.99012999710891,72.16261717372402
270,肚皮,72.16261717372402,72.40934556244356
271,的,72.40934556244356,72.49285363247172
272,蟒蛇,72.49285363247172,72.83447755531418
273,的,72.83447755531418,72.90280233988267
274,图画,72.90280233988267,73.21026387044088
275,放在,73.21026387044088,73.44180897370077
276,一边,73.44180897370077,73.74517913832204
277,sil,73.74517913832204,74.36419356537542
278,还是,74.36419356537542,74.61768935948845
279,把,74.61768935948845,74.74295146453068
280,兴趣,74.74295146453068,75.14517913832204
281,sil,75.14517913832204,75.34269124018745
282,放,75.34269124018745,75.52489066570342
283,在,75.52489066570342,75.65394859211057
284,地理,75.65394859211057,76.22517913832205
285,sil,76.22517913832205,76.32917913832205
286,历史,76.32917913832205,76.81717913832205
287,sil,76.81717913832205,76.97687264494813
288,算术,76.97687264494813,77.34886313870992
289,语法,77.34886313870992,77.71326198974187
290,上,77.71326198974187,77.9068488793526
291,sil,77.9068488793526,78.76090868645875
292,就,78.76090868645875,78.92412900515015
293,这样,78.92412900515015,79.29991532027685
294,sil,79.29991532027685,79.95609296363952
295,在,79.95609296363952,80.13829238915551
296,六,80.13829238915551,80.27494195829249
297,岁,80.27494195829249,80.43816227698389
298,的,80.43816227698389,80.5102828829173
299,那,80.5102828829173,80.63934080932445
300,年,80.63934080932445,80.87317913832204
301,sil,80.87317913832204,81.28917913832204
302,我,81.28917913832204,81.40230090367261
303,就,81.40230090367261,81.51237972325518
304,放弃,81.51237972325518,81.84261618200289
305,了,81.84261618200289,81.9375117161258
306,当,81.9375117161258,82.0779571066277
307,画家,82.0779571066277,82.44117913832204
308,sil,82.44117913832204,82.61717913832204
309,这,82.61717913832204,82.7276010336677
310,一,82.7276010336677,82.78074253277651
311,美好,82.78074253277651,83.12995809834881
312,的,83.12995809834881,83.2438327392963
313,职业,83.2438327392963,83.62517913832204
314,sil,83.62517913832204,84.36117913832204
315,我,84.36117913832204,84.46988304016423
316,的,84.46988304016423,84.58375768111172
317,第一,84.58375768111172,84.89501503303485
318,号,84.89501503303485,85.11317913832204
319,sil,85.11317913832204,85.31317913832204
320,第二,85.31317913832204,85.55453360102233
321,号,85.55453360102233,85.7101622769839
322,作品,85.7101622769839,86.03280709300178
323,的,86.03280709300178,86.10113187757027
324,不,86.10113187757027,86.25296473216692
325,成功,86.25296473216692,86.61717913832204
326,sil,86.61717913832204,86.9058460069325
327,使,86.9058460069325,87.14118693155731
328,我,87.14118693155731,87.2550615725048
329,泄,87.2550615725048,87.42587353392604
330,了,87.42587353392604,87.53215653214369
331,气,87.53215653214369,87.82021356957293
332,sil,87.82021356957293,88.64117913832204
333,这些,88.64117913832204,88.89822683720914
334,大人们,88.89822683720914,89.43317913832205
335,sil,89.43317913832205,89.91550696300668
336,靠,89.91550696300668,90.08748042773426
337,他们,90.08748042773426,90.49717913832204
338,sil,90.49717913832204,90.5885288479032
339,自己,90.5885288479032,90.82766559389293
340,什么,90.82766559389293,91.07439398261248
341,也,91.07439398261248,91.23761430130388
342,弄,91.23761430130388,91.35148894225136
343,不,91.35148894225136,91.4501802977392
344,懂,91.4501802977392,91.60917913832205
345,sil,91.60917913832205,92.09167410841003
346,还,92.09167410841003,92.23211949891193
347,得,92.23211949891193,92.3421983184945
348,老,92.3421983184945,92.51680610128065
349,是,92.51680610128065,92.66104731314746
350,不,92.66104731314746,92.77936322255792
351,断,92.77936322255792,92.95017518397916
352,地,92.95017518397916,93.0071125044529
353,给,93.0071125044529,93.13617043086005
354,他们,93.13617043086005,93.41706121186385
355,做,93.41706121186385,93.55750660236575
356,解释,93.55750660236575,93.93329291749245
357,sil,93.93329291749245,95.0504129950889
358,后来,95.0504129950889,95.44917913832204
359,sil,95.44917913832204,96.00917913832204
360,我,96.00917913832204,96.10565133453562
361,只好,96.10565133453562,96.36756300871484
362,选择,96.36756300871484,96.6864120033678
363,了,96.6864120033678,96.81167410841003
364,另外,96.81167410841003,97.07738160395417
365,一,97.07738160395417,97.16117913832204
366,个,97.16117913832204,97.27856013629473
367,职业,97.27856013629473,97.63317913832205
368,sil,97.63317913832205,98.24117913832204
369,我,98.24117913832204,98.37868173394926
370,学会,98.37868173394926,98.73169312088646
371,了,98.73169312088646,98.87973015411819
372,开,98.87973015411819,99.08850032918859
373,飞机,99.08850032918859,99.45717913832205
374,sil,99.45717913832205,100.07406068352688
375,世界,100.07406068352688,100.33976817907102
376,各,100.33976817907102,100.52955924731683
377,地,100.52955924731683,100.68898374464331
378,差不多,100.68898374464331,101.07615752386477
379,都,101.07615752386477,101.22039873573158
380,飞,101.22039873573158,101.3618559134087
381,到,101.3618559134087,101.49749369537047
382,过,101.49749369537047,101.71385551317069
383,sil,101.71385551317069,102.2756370751783
384,的确,102.2756370751783,102.68558578258924
385,sil,102.68558578258924,103.27317913832205
386,地理学,103.27317913832205,103.79848706155238
387,帮,103.79848706155238,103.99966559389294
388,了,103.99966559389294,104.0603987357316
389,我,104.0603987357316,104.15909009121943
390,很,104.15909009121943,104.3185145885459
391,大,104.3185145885459,104.48932654996713
392,的,104.48932654996713,104.5538555131707
393,忙,104.5538555131707,104.77717913832204
394,sil,104.77717913832204,105.34517913832204
395,我,105.34517913832204,105.48202365029516
396,一眼,105.48202365029516,105.77809771675862
397,就,105.77809771675862,105.88058489361137
398,能,105.88058489361137,105.99825535592377
399,分辨,105.99825535592377,106.32849181467148
400,出,106.32849181467148,106.47652884790321
401,中国,106.47652884790321,106.96117913832204
402,和,106.96117913832204,107.1294101226688
403,亚利桑那,107.1294101226688,107.69717913832204
404,sil,107.69717913832204,108.40917913832205
405,要是,108.40917913832205,108.71545523794177
406,夜里,108.71545523794177,108.92802123437707
407,迷失,108.92802123437707,109.17474962309663
408,了,109.17474962309663,109.26584933585461
409,航向,109.26584933585461,109.67317913832204
410,sil,109.67317913832204,109.84281418332188
411,这,109.84281418332188,109.93011807471495
412,是,109.93011807471495,110.03260525156769
413,很,110.03260525156769,110.23378378390825
414,有,110.23378378390825,110.38941245986982
415,用,110.38941245986982,110.56402024265597
416,的,110.56402024265597,110.70066981179295
417,sil,110.70066981179295,111.57698374464331
418,这样,111.57698374464331,111.95317913832204
419,sil,111.95317913832204,112.25263994759841
420,在,112.25263994759841,112.43483937311439
421,我,112.43483937311439,112.51075580041271
422,的,112.51075580041271,112.60185551317069
423,生活,112.60185551317069,112.94727525737807
424,中,112.94727525737807,113.15317913832205
425,sil,113.15317913832205,113.45717913832205
426,我,113.45717913832205,113.55345765385985
427,跟,113.55345765385985,113.67112811617224
428,许多,113.67112811617224,114.02793532447437
429,严肃,114.02793532447437,114.361967604587
430,的,114.361967604587,114.48343388826432
431,人,114.48343388826432,114.64117913832204
432,sil,114.64117913832204,114.80917913832204
433,有,114.80917913832204,114.92117913832205
434,过,114.92117913832205,115.02244052208242
435,很多,115.02244052208242,115.36917913832204
436,的,115.36917913832204,115.46655162177763
437,接触,115.46655162177763,115.83317913832204
438,sil,115.83317913832204,116.44966935529092
439,我,116.44966935529092,116.54782422477919
440,在,116.54782422477919,116.67688215118633
441,大人们,116.67688215118633,117.0906266799622
442,中间,117.0906266799622,117.371517460966
443,生活,117.371517460966,117.66759152742947
444,过,117.66759152742947,117.77767034701203
445,很,117.77767034701203,117.94089066570344
446,长,117.94089066570344,118.142069198044
447,时间,118.142069198044,118.51317913832204
448,sil,118.51317913832204,119.24917913832205
449,我,119.24917913832205,119.36103979035147
450,仔细,119.36103979035147,119.6722971422746
451,地,119.6722971422746,119.75580521230275
452,观察,119.75580521230275,120.09717913832205
453,过,120.09717913832205,120.19612049063304
454,他们,120.19612049063304,120.51876530665092
455,sil,120.51876530665092,121.17544240278141
456,但,121.17544240278141,121.3120919719184
457,这,121.3120919719184,121.43355825559573
458,并,121.43355825559573,121.56641200336779
459,没有,121.56641200336779,121.83211949891192
460,使,121.83211949891192,122.04468549534724
461,我,122.04468549534724,122.21717913832204
462,sil,122.21717913832204,122.42412049063304
463,对,122.42412049063304,122.53040348885071
464,他们,122.53040348885071,122.78092769893517
465,的,122.78092769893517,122.86063994759841
466,看法,122.86063994759841,123.2554053695497
467,有,123.2554053695497,123.39964658141652
468,多,123.39964658141652,123.559071078743
469,大,123.559071078743,123.68053736242032
470,的,123.68053736242032,123.76784125381339
471,改变,123.76784125381339,124.17778996122435
472,sil,124.17778996122435,124.92117913832205
473,当,124.92117913832205,125.0542923891555
474,我,125.0542923891555,125.18335031556266
475,遇到,125.18335031556266,125.43767034701204
476,一,125.43767034701204,125.57811573751394
477,个,125.57811573751394,125.77717913832204
478,sil,125.77717913832204,126.04917913832205
479,头脑,126.04917913832205,126.37144240278144
480,看来,126.37144240278144,126.63714989832557
481,稍微,126.63714989832557,126.8800824656802
482,清楚,126.8800824656802,127.2292980312525
483,的,127.2292980312525,127.29762281582099
484,大人,127.29762281582099,127.58695146453069
485,时,127.58695146453069,127.83317913832204
486,sil,127.83317913832204,128.39166559389292
487,我,128.39166559389292,128.50174441347548
488,就,128.50174441347548,128.5966399475984
489,拿出,128.5966399475984,128.91928476361628
490,一直,128.91928476361628,129.1394424027814
491,保存,129.1394424027814,129.53800364609762
492,着,129.53800364609762,129.65946992977493
493,的,129.65946992977493,129.80117913832203
494,sil,129.80117913832203,130.0504395303613
495,我,130.0504395303613,130.2143114016319
496,那,130.2143114016319,130.32818604257938
497,第一,130.32818604257938,130.62046428767792
498,号,130.62046428767792,130.79127624909916
499,作品,130.79127624909916,131.20502077787503
500,sil,131.20502077787503,131.32117913832204
501,来,131.32117913832204,131.44117913832204
502,测试,131.44117913832204,131.79716891080196
503,测试,131.79716891080196,132.04769312088644
504,他,132.04769312088644,132.23748418913223
505,sil,132.23748418913223,133.02517913832202
506,我,133.02517913832202,133.1181147457928
507,想,133.1181147457928,133.2974016081517
508,知道,133.2974016081517,133.63317913832202
509,sil,133.63317913832202,134.11317913832204
510,他,134.11317913832204,134.23117366392106
511,是否,134.23117366392106,134.53104355174943
512,真的,134.53104355174943,134.82711761821292
513,有,134.82711761821292,134.92960479506564
514,理解,134.92960479506564,135.2256788615291
515,能力,135.2256788615291,135.59317913832203
516,sil,135.59317913832203,136.48051934166497
517,可是,136.48051934166497,136.78418505085827
518,得到,136.78418505085827,137.08117913832203
519,的,137.08117913832203,137.17515465144464
520,回答,137.17515465144464,137.45984125381335
521,总,137.45984125381335,137.69138635707324
522,是,137.69138635707324,137.96088967398228
523,sil,137.96088967398228,138.72200803857575
524,这,138.72200803857575,138.82069939406358
525,是,138.82069939406358,138.9459614991058
526,顶,138.9459614991058,139.09779435370245
527,帽子,139.09779435370245,139.43941827654493
528,sil,139.43941827654493,140.3769861536792
529,我,140.3769861536792,140.47364282001848
530,就,140.47364282001848,140.6102923891555
531,不,140.6102923891555,140.81717913832202
532,和,140.81717913832202,140.95191631199793
533,他,140.95191631199793,141.12272827341917
534,谈,141.12272827341917,141.3201109843948
535,巨蟒,141.3201109843948,141.6921014781566
536,呀,141.6921014781566,141.91317913832202
537,sil,141.91317913832202,142.13717913832204
538,原始,142.13717913832204,142.45506157250475
539,森林,142.45506157250475,142.80807295944197
540,呀,142.80807295944197,142.96917913832203
541,sil,142.96917913832203,143.1915079547278
542,或者,143.1915079547278,143.39648230843326
543,星星,143.39648230843326,143.79124773038455
544,之类,143.79124773038455,144.03038447637428
545,的,144.03038447637428,144.1025050823077
546,事儿,144.1025050823077,144.32645854283774
547,sil,144.32645854283774,144.85717913832204
548,我,144.85717913832204,144.9908785887042
549,只得,144.9908785887042,145.23760697742372
550,迁就,145.23760697742372,145.54127268661702
551,他,145.54127268661702,145.7424512189576
552,的,145.7424512189576,145.84114257444543
553,水平,145.84114257444543,146.27317913832204
554,sil,146.27317913832204,146.80528120113414
555,和,146.80528120113414,146.94572659163603
556,他们,146.94572659163603,147.2067843191273
557,谈,147.2067843191273,147.39277956600822
558,些,147.39277956600822,147.52563331378028
559,桥牌,147.52563331378028,148.0266817339492
560,呀,148.0266817339492,148.21647280219503
561,sil,148.21647280219503,148.54517913832203
562,高尔夫球,148.54517913832203,149.09330753749066
563,呀,149.09330753749066,149.2641194989119
564,政治,149.2641194989119,149.64322970962925
565,呀,149.64322970962925,149.78517913832204
566,sil,149.78517913832204,149.97717913832204
567,领带,149.97717913832204,150.3416608407738
568,呀,150.3416608407738,150.44035219626164
569,这些,150.44035219626164,150.76117913832203
570,sil,150.76117913832203,151.64117913832203
571,于是,151.64117913832203,151.89103503723234
572,大人们,151.89103503723234,152.37717913832202
573,sil,152.37717913832202,152.58946616837693
574,就,152.58946616837693,152.7185240947841
575,十分,152.7185240947841,153.0905145885459
576,高兴,153.0905145885459,153.47389254640242
577,能,153.47389254640242,153.66747943601314
578,认识,153.66747943601314,153.94457439565204
579,我,153.94457439565204,154.0584490365995
580,这样,154.0584490365995,154.3621147457928
581,一,154.3621147457928,154.48737685083503
582,个,154.48737685083503,154.66517913832203
583,sil,154.66517913832203,154.8710995974576
584,通情达理,154.8710995974576,155.65683461999527
585,的,155.65683461999527,155.84662568824106
586,人,155.84662568824106,156.02123347102722
587,sil,156.02123347102722,157.25717913832202
588,我,157.25717913832202,157.34628342647758
589,就,157.34628342647758,157.4935674761225
590,这样,157.4935674761225,157.77727267461333
591,孤独,157.77727267461333,158.1409369947243
592,地,158.1409369947243,158.21027813816957
593,生活,158.21027813816957,158.64855412529892
594,着,158.64855412529892,158.86077928320202
595,sil,158.86077928320202,159.58517913832202
596,没有,159.58517913832202,159.83656698483395
597,一,159.83656698483395,159.95962353621394
598,个,159.95962353621394,160.04719161151158
599,能,160.04719161151158,160.1995183504481
600,真正,160.1995183504481,160.50341959751157
601,谈,160.50341959751157,160.7005519774262
602,得,160.7005519774262,160.74617564991462
603,来,160.74617564991462,160.90586308062774
604,的,160.90586308062774,160.9718174356894
605,人,160.9718174356894,161.17717913832203
606,sil,161.17717913832203,161.76917913832202
607,一直,161.76917913832202,161.99386650820088
608,到,161.99386650820088,162.10562001347589
609,六,162.10562001347589,162.23531237085092
610,年,162.23531237085092,162.4313246837018
611,前,162.4313246837018,162.72917913832202
612,sil,162.72917913832202,163.1108304126253
613,在,163.1108304126253,163.26122988376233
614,撒哈拉,163.26122988376233,163.69989500791203
615,沙漠,163.69989500791203,164.03829381797038
616,上,164.03829381797038,164.27642631393738
617,sil,164.27642631393738,164.33157278668762
618,发生,164.33157278668762,164.63237172896172
619,了,164.63237172896172,164.7351635707947
620,那,164.7351635707947,164.87452420416508
621,次,164.87452420416508,165.0010864120219
622,故障,165.0010864120219,165.43054469036738
623,sil,165.43054469036738,166.12917913832203
624,我,166.12917913832203,166.24917913832203
625,的,166.24917913832203,166.3369971770796
626,发动机,166.3369971770796,166.80627277924523
627,里,166.80627277924523,166.94278931805704
628,有,166.94278931805704,167.02517913832202
629,个,167.02517913832202,167.1353134124086
630,东西,167.1353134124086,167.40711193206937
631,损坏,167.40711193206937,167.83556280050013
632,了,167.83556280050013,167.98284278652318
633,sil,167.98284278652318,168.74864125611157
634,当时,168.74864125611157,169.0157535943989
635,由于,169.0157535943989,169.39868155805888
636,sil,169.39868155805888,169.61022917434656
637,我,169.61022917434656,169.71546385428772
638,既,169.71546385428772,169.8895220195877
639,没有,169.8895220195877,170.15730381235693
640,带,170.15730381235693,170.31797288801846
641,机械师,170.31797288801846,170.85717913832204
642,sil,170.85717913832204,171.10525135875997
643,也,171.10525135875997,171.21090147110763
644,没有,171.21090147110763,171.4024331826243
645,带,171.4024331826243,171.5964309676798
646,旅客,171.5964309676798,171.98976969712498
647,sil,171.98976969712498,172.66517913832203
648,我,172.66517913832203,172.77425062800157
649,就,172.77425062800157,172.89262215786593
650,试图,172.89262215786593,173.2871939240805
651,sil,173.2871939240805,173.481191709136
652,独自,173.481191709136,173.7895911613551
653,完成,173.7895911613551,174.0922367636947
654,这个,174.0922367636947,174.27581646291952
655,困难,174.27581646291952,174.57114001150993
656,的,174.57114001150993,174.66990968512545
657,维修,174.66990968512545,174.93117140243106
658,工作,174.93117140243106,175.3135056228783
659,sil,175.3135056228783,176.16241968567468
660,这,176.16241968567468,176.30375804482742
661,对,176.30375804482742,176.404318396456
662,我,176.404318396456,176.52505192564198
663,来说,176.52505192564198,176.88121583674064
664,sil,176.88121583674064,177.1483387700646
665,是,177.1483387700646,177.30554011521454
666,个,177.30554011521454,177.39760637685993
667,生,177.39760637685993,177.6308409063616
668,与,177.6308409063616,177.76126811035928
669,死,177.76126811035928,177.96841719906143
670,sil,177.96841719906143,178.0205880806605
671,的,178.0205880806605,178.11418878
672,问题,178.11418878,178.56293328702702
673,sil,178.56293328702702,179.24917913832203
674,我,179.24917913832203,179.37214864457678
675,随身,179.37214864457678,179.7358341045594
676,带,179.7358341045594,179.8576972953389
677,的,179.8576972953389,179.94909468842354
678,水,179.94909468842354,180.20917913832204
679,sil,180.20917913832204,180.4746296986602
680,只,180.4746296986602,180.61458195682104
681,够,180.61458195682104,180.74786982173615
682,饮用,180.74786982173615,181.04871957397307
683,一,181.04871957397307,181.23151436014234
684,星期,181.23151436014234,181.70183011205702
685,sil,181.70183011205702,182.59841126985114
686,第一,182.59841126985114,182.78370486089182
687,天,182.78370486089182,182.93811618675903
688,晚上,182.93811618675903,183.34517913832204
689,sil,183.34517913832204,183.72781982476565
690,我,183.72781982476565,183.85825783226352
691,就,183.85825783226352,183.9881366238559
692,睡,183.9881366238559,184.1631906473065
693,在,184.1631906473065,184.30436324686343
694,这,184.30436324686343,184.40883097053555
695,远离,184.40883097053555,184.75329211345448
696,人间,184.75329211345448,185.04975457252405
697,烟火,185.04975457252405,185.3462170315936
698,的,185.3462170315936,185.456331659248
699,大,185.456331659248,185.58056354685812
700,沙漠,185.58056354685812,185.93349504575045
701,上,185.93349504575045,186.15372430105927
702,sil,186.15372430105927,186.82517913832203
703,我,186.82517913832203,186.93596566033438
704,比,186.93596566033438,187.0753997925779
705,大海,187.0753997925779,187.42219750610673
706,中,187.42219750610673,187.6581629606727
707,sil,187.6581629606727,187.8753584358982
708,伏,187.8753584358982,188.00049163150138
709,在,188.00049163150138,188.13277529542472
710,小,188.13277529542472,188.28029506222353
711,木排,188.28029506222353,188.64045854615762
712,上,188.64045854615762,188.76566145167425
713,的,188.76566145167425,188.87544188465188
714,遇难者,188.87544188465188,189.36249591828502
715,sil,189.36249591828502,189.57896437767755
716,还,189.57896437767755,189.76528187308324
717,要,189.76528187308324,189.9170709266931
718,孤独,189.9170709266931,190.20917913832204
719,得,190.20917913832204,190.30672386475493
720,多,190.30672386475493,190.54358758021573
721,sil,190.54358758021573,191.56786648676535
722,而,191.56786648676535,191.6546411836058
723,在,191.6546411836058,191.82345741200456
724,第二,191.82345741200456,192.0680042849186
725,天,192.0680042849186,192.25417545268542
726,拂晓,192.25417545268542,192.7487912246761
727,sil,192.7487912246761,193.34517913832204
728,当,193.34517913832204,193.4453687376712
729,一,193.4453687376712,193.5637691927695
730,个,193.5637691927695,193.6538564955617
731,奇怪,193.6538564955617,194.01935355260434
732,的,194.01935355260434,194.1068669324596
733,小,194.1068669324596,194.29733722979168
734,声音,194.29733722979168,194.55215560054674
735,叫醒,194.55215560054674,194.88933950528326
736,我,194.88933950528326,195.04377488149845
737,的,195.04377488149845,195.14415787603832
738,时候,195.14415787603832,195.50193316427018
739,sil,195.50193316427018,196.08117913832203
740,你们,196.08117913832203,196.28726296556476
741,可以,196.28726296556476,196.50825061877075
742,想见,196.50825061877075,196.93717913832202
743,sil,196.93717913832202,197.20928287999143
744,我,197.20928287999143,197.30553100753298
745,当时,197.30553100753298,197.5840627913766
746,是,197.5840627913766,197.72202713290662
747,多么,197.72202713290662,197.99795581596666
748,吃惊,197.99795581596666,198.40917913832203
749,sil,198.40917913832203,199.3419171727122
750,这,199.3419171727122,199.43520051948087
751,小小,199.43520051948087,199.80082014252
752,的,199.80082014252,199.88120459864913
753,声音,199.88120459864913,200.1664397655591
754,说道,200.1664397655591,200.565768999233
755,sil,200.565768999233,201.33601558187337
756,请,201.33601558187337,201.49526970154807
757,你,201.49526970154807,201.65195520638932
758,给,201.65195520638932,201.74956257006093
759,我,201.74956257006093,201.86515023756678
760,画,201.86515023756678,202.06550219457688
761,一,202.06550219457688,202.1631095582485
762,只,202.1631095582485,202.2812658405878
763,羊,202.2812658405878,202.5869310057699
764,sil,202.5869310057699,203.06469336479407
765,好,203.06469336479407,203.2252317918855
766,吗,203.2252317918855,203.43317913832203
767,sil,203.43317913832203,204.29805015943612
768,啊,204.29805015943612,204.58491994468537
769,sil,204.58491994468537,205.46378465040357
770,给,205.46378465040357,205.59418000733507
771,我,205.59418000733507,205.7297911785438
772,画,205.7297911785438,205.90973677110924
773,一,205.90973677110924,206.0375242209021
774,只,206.0375242209021,206.18095911352674
775,羊,206.18095911352674,206.44435773452832
776,sil,206.44435773452832,207.46326649002157
777,我,207.46326649002157,207.5899691267981
778,像,207.5899691267981,207.78700462676326
779,是,207.78700462676326,207.88004916841348
780,受到,207.88004916841348,208.17925122391614
781,惊雷,208.17925122391614,208.4893996960835
782,轰击,208.4893996960835,208.82873861269016
783,一般,208.82873861269016,209.14517913832202
784,sil,209.14517913832202,209.54517913832203
785,一下子,209.54517913832203,209.90517913832204
786,就,209.90517913832204,210.04117913832204
787,站立,210.04117913832204,210.2850246761739
788,起来,210.2850246761739,210.65720284277472
789,sil,210.65720284277472,211.50372573151392
790,我,211.50372573151392,211.63383567077588
791,使劲,211.63383567077588,211.98004930436872
792,地,211.98004930436872,212.03493683164564
793,揉,212.03493683164564,212.18834043352211
794,了,212.18834043352211,212.28544913562743
795,揉,212.28544913562743,212.4346306200211
796,眼睛,212.4346306200211,212.9110262093348
797,仔细,212.9110262093348,213.2596908384744
798,地,213.2596908384744,213.3477880921882
799,看,213.3477880921882,213.51926310388114
800,了,213.51926310388114,213.6367261088329
801,看,213.6367261088329,213.87789111290505
802,sil,213.87789111290505,214.44117913832204
803,我,214.44117913832204,214.55011350576052
804,看见,214.55011350576052,214.85149186105167
805,一个,214.85149186105167,215.17717913832203
806,sil,215.17717913832203,215.35126100121656
807,十分,215.35126100121656,215.6157939417325
808,奇怪,215.6157939417325,216.00935478035797
809,的,216.00935478035797,216.08866551970073
810,小家伙,216.08866551970073,216.65717913832202
811,sil,216.65717913832202,216.84917913832203
812,严肃,216.84917913832203,217.17975709077652
813,地,217.17975709077652,217.2795183458678
814,朝,217.2795183458678,217.45329601602683
815,我,217.45329601602683,217.59328358365494
816,凝眸,217.59328358365494,217.89739450643324
817,望,217.89739450643324,218.14599311791076
818,着,218.14599311791076,218.33256087148354
819,sil,218.33256087148354,219.2576495884287
820,这,219.2576495884287,219.36636447570447
821,是,219.36636447570447,219.48382653781852
822,后来,219.48382653781852,219.84117913832202
823,sil,219.84117913832202,220.1092495387555
824,我,220.1092495387555,220.21171644400394
825,给,220.21171644400394,220.3290230606989
826,他,220.3290230606989,220.47344780905664
827,画,220.47344780905664,220.64495219773144
828,出来,220.64495219773144,220.89919993181954
829,的,220.89919993181954,220.99397867292933
830,最,220.99397867292933,221.20083703646253
831,好,221.20083703646253,221.38136797190973
832,的,221.38136797190973,221.5017219288745
833,一,221.5017219288745,221.59048297213602
834,幅,221.59048297213602,221.7228723247973
835,画像,221.7228723247973,222.14411117417404
836,sil,222.14411117417404,223.2370731793929
837,可是,223.2370731793929,223.80117913832203
838,sil,223.80117913832203,224.40117913832202
839,我,224.40117913832202,224.5429136124608
840,的,224.5429136124608,224.63919677803264
841,画,224.63919677803264,224.84917913832203
842,sil,224.84917913832203,225.29717913832204
843,当然,225.29717913832204,225.57795764235794
844,要,225.57795764235794,225.7103469950192
845,比,225.7103469950192,225.8186655562875
846,他,225.8186655562875,225.98114339818997
847,本人,225.98114339818997,226.23388670781603
848,的,226.23388670781603,226.3241521755396
849,模样,226.3241521755396,226.63707246364805
850,逊色,226.63707246364805,227.01860468280157
851,得,227.01860468280157,227.10887015052515
852,多,227.10887015052515,227.33754266875823
853,sil,227.33754266875823,228.04763101485048
854,这,228.04763101485048,228.18002036751173
855,不是,228.18002036751173,228.48105215724595
856,我,228.48105215724595,228.62533000828142
857,的,228.62533000828142,228.7091560573019
858,过错,228.7091560573019,229.16851011810417
859,sil,229.16851011810417,230.47317913832202
860,六,230.47317913832202,230.64844980066866
861,岁,230.64844980066866,230.8656713091526
862,时,230.8656713091526,231.16562651298196
863,sil,231.16562651298196,231.71317913832203
864,大人们,231.71317913832203,232.22236399402524
865,使,232.22236399402524,232.39939015146663
866,我,232.39939015146663,232.5374705542709
867,对,232.5374705542709,232.6604573044038
868,我,232.6604573044038,232.7857470898552
869,的,232.7857470898552,232.88386215015163
870,画家,232.88386215015163,233.18984602639836
871,生涯,233.18984602639836,233.4725168823291
872,失去,233.4725168823291,233.78271374388513
873,了,233.78271374388513,233.8593413855531
874,勇气,233.8593413855531,234.34517913832204
875,sil,234.34517913832204,235.03379587244177
876,除了,235.03379587244177,235.26878730689023
877,画,235.26878730689023,235.44117913832204
878,过,235.44117913832204,235.5429439804134
879,开,235.5429439804134,235.72117913832204
880,着,235.72117913832204,235.81624923569586
881,肚皮,235.81624923569586,236.16917913832202
882,sil,236.16917913832202,236.38434330913907
883,和,236.38434330913907,236.50013618988177
884,闭,236.50013618988177,236.68917913832203
885,着,236.68917913832203,236.7930240647016
886,肚皮,236.7930240647016,237.04844953692816
887,的,237.04844953692816,237.10634597729953
888,蟒蛇,237.10634597729953,237.53717913832205
889,sil,237.53717913832205,237.79088624286675
890,后来,237.79088624286675,238.04801455157485
891,再,238.04801455157485,238.2182981997259
892,没有,238.2182981997259,238.4294499234332
893,学,238.4294499234332,238.6201676093624
894,过,238.6201676093624,238.74958318195718
895,画,238.74958318195718,238.96117913832202
896,sil,238.96117913832202,239.56917913832203
897,我,239.56917913832203,239.67158134068947
898,惊奇,239.67158134068947,240.04917913832202
899,地,240.04917913832202,240.14156420958636
900,睁,240.14156420958636,240.32634726143448
901,大,240.32634726143448,240.4685088140364
902,着,240.4685088140364,240.5843016947791
903,眼睛,240.5843016947791,241.00117913832204
904,sil,241.00117913832204,241.47658801109063
905,看,241.47658801109063,241.69455108072398
906,着,241.69455108072398,241.86517913832202
907,这,241.86517913832202,242.1509112577688
908,突然,242.1509112577688,242.4778558622188
909,出现,242.4778558622188,242.76705699099736
910,的,242.76705699099736,242.8596188290656
911,小家伙,242.8596188290656,243.48593505927306
912,sil,243.48593505927306,244.15317913832203
913,你们,244.15317913832203,244.3969274621698
914,不要,244.3969274621698,244.63861670601463
915,忘记,244.63861670601463,245.14517913832202
916,sil,245.14517913832202,245.74517913832204
917,我,245.74517913832204,245.84708131359818
918,当时,245.84708131359818,246.12733798997147
919,处,246.12733798997147,246.32788863911932
920,在,246.32788863911932,246.51317913832204
921,sil,246.51317913832204,246.74517913832204
922,远离,246.74517913832204,247.0427897177802
923,人烟,247.0427897177802,247.35132917800766
924,千,247.35132917800766,247.51845471896422
925,里,247.51845471896422,247.66501096257227
926,之外,247.66501096257227,247.96326577412546
927,的,247.96326577412546,248.09182388255357
928,地方,248.09182388255357,248.43378845097234
929,sil,248.43378845097234,248.86791424123035
930,而,248.86791424123035,248.99647234965846
931,这个,248.99647234965846,249.25101740434613
932,小家伙,249.25101740434613,249.85524051395822
933,给,249.85524051395822,250.0066316229882
934,我,250.0066316229882,250.1521072697536
935,的,250.1521072697536,250.233530206376
936,印象,250.233530206376,250.60699007568417
937,是,250.60699007568417,250.85608870866102
938,sil,250.85608870866102,251.50792506990734
939,他,251.50792506990734,251.62734537695357
940,既,251.62734537695357,251.81624658991757
941,不,251.81624658991757,251.90526900062474
942,像,251.90526900062474,252.023603668516
943,迷,252.023603668516,252.21467615978992
944,了,252.21467615978992,252.30586984880705
945,路,252.30586984880705,252.4708870003618
946,的,252.4708870003618,252.55773813275906
947,样子,252.55773813275906,252.97717913832204
948,sil,252.97717913832204,253.5361669492853
949,也,253.5361669492853,253.63170319492227
950,没有,253.63170319492227,253.91831193183316
951,半点,253.91831193183316,254.2483462349427
952,疲乏,254.2483462349427,254.72602746312754
953,sil,254.72602746312754,254.9388127375008
954,饥渴,254.9388127375008,255.3947811825863
955,sil,255.3947811825863,255.69876014597668
956,惧怕,255.69876014597668,256.00865174025796
957,的,256.00865174025796,256.0781326461758
958,神情,256.0781326461758,256.5851791383221
959,sil,256.5851791383221,257.35050173579543
960,他,257.35050173579543,257.4764358777714
961,丝毫,257.4764358777714,257.87595108679875
962,不,257.87595108679875,257.98451500229527
963,像,257.98451500229527,258.1929577200487
964,是,258.1929577200487,258.4091791383221
965,sil,258.4091791383221,258.6749815048534
966,一,258.6749815048534,258.77051775049034
967,个,258.77051775049034,258.87459111168806
968,迷失,258.87459111168806,259.191597744938
969,在,259.191597744938,259.3305595567736
970,旷无人烟,259.3305595567736,260.0166835027118
971,的,260.0166835027118,260.17735809764673
972,大,260.17735809764673,260.35974547568094
973,沙漠,260.35974547568094,260.6854372221706
974,中,260.6854372221706,260.8115935746107
975,的,260.8115935746107,260.87216715682473
976,孩子,260.87216715682473,261.36287605486916
977,sil,261.36287605486916,262.08117913832206
978,当,262.08117913832206,262.1843522170705
979,我,262.1843522170705,262.3145303270465
980,在,262.3145303270465,262.44747818404323
981,惊讶,262.44747818404323,262.74384111526507
982,之,262.74384111526507,262.9044864424695
983,中,262.9044864424695,263.08917913832204
984,sil,263.08917913832204,263.4750543287471
985,终于,263.4750543287471,263.7747925892192
986,又,263.7747925892192,263.8966614581329
987,能,263.8966614581329,264.04622779725423
988,说,264.04622779725423,264.1988658022845
989,出,264.1988658022845,264.30381427018534
990,话,264.30381427018534,264.4672293444105
991,来,264.4672293444105,264.5835587192827
992,的,264.5835587192827,264.67219062394713
993,时候,264.67219062394713,265.0461064717504
994,sil,265.0461064717504,265.62528665152746
995,对,265.62528665152746,265.7083790621504
996,他,265.7083790621504,265.84686641318865
997,说道,265.84686641318865,266.2263217550335
998,sil,266.2263217550335,267.0683248493461
999,唉,267.0683248493461,267.2511281527166
1000,sil,267.2511281527166,267.9174609496668
1001,你,267.9174609496668,268.1030340000581
1002,在,268.1030340000581,268.20274489280564
1003,这儿,268.20274489280564,268.4298641485084
1004,干,268.4298641485084,268.6098977048581
1005,什么,268.6098977048581,268.9118001301215
1006,sil,268.9118001301215,269.83820766344434
1007,可是,269.83820766344434,270.1124126185001
1008,他,270.1124126185001,270.2952159218706
1009,却,270.2952159218706,270.45717913832203
1010,不慌不忙,270.45717913832203,271.0901333168302
1011,地,271.0901333168302,271.22517913832206
1012,sil,271.22517913832206,271.61361550375483
1013,好像,271.61361550375483,271.8794712778941
1014,有,271.8794712778941,272.04842584616074
1015,一,272.04842584616074,272.17306446209517
1016,件,272.17306446209517,272.36140725950725
1017,重要,272.36140725950725,272.65500044370833
1018,的,272.65500044370833,272.72771860331426
1019,事,272.72771860331426,272.8678166631855
1020,一般,272.8678166631855,273.18517913832204
1021,sil,273.18517913832204,273.8011791383221
1022,对,273.8011791383221,273.8546895252189
1023,我,273.8546895252189,273.98517913832205
1024,重复,273.98517913832205,274.31904169198685
1025,地,274.31904169198685,274.4179344401313
1026,说道,274.4179344401313,274.7762915580722
1027,sil,274.7762915580722,275.5052358192448
1028,请,275.5052358192448,275.96117913832205
1029,sil,275.96117913832205,276.43964550363523
1030,给,276.43964550363523,276.5901919420435
1031,我,276.5901919420435,276.7448703429874
1032,画,276.7448703429874,276.94138798353083
1033,一,276.94138798353083,277.05295928912966
1034,只,277.05295928912966,277.220316247528
1035,羊,277.220316247528,277.5034056933742
1036,sil,277.5034056933742,278.42597661982495
1037,当,278.42597661982495,278.5831907322597
1038,一,278.5831907322597,278.68611137417975
1039,种,278.68611137417975,278.8469047273116
1040,神秘,278.8469047273116,279.20117913832206
1041,的,279.20117913832206,279.2982613726888
1042,东西,279.2982613726888,279.69717913832204
1043,sil,279.69717913832204,280.0011791383221
1044,把,280.0011791383221,280.1096890497714
1045,你,280.1096890497714,280.2212603553703
1046,镇住,280.2212603553703,280.5255457342763
1047,的,280.5255457342763,280.59147423303926
1048,时候,280.59147423303926,280.9211791383221
1049,sil,280.9211791383221,281.4891791383221
1050,你,281.4891791383221,281.56311970055435
1051,是,281.56311970055435,281.67976242913494
1052,不,281.67976242913494,281.8876907713874
1053,敢,281.8876907713874,282.05504772978566
1054,不,282.05504772978566,282.17676188134806
1055,听从,282.17676188134806,282.5571186049806
1056,它,282.5571186049806,282.6811791383221
1057,的,282.6811791383221,282.77011837021473
1058,支配,282.77011837021473,283.1149751329749
1059,的,283.1149751329749,283.24917913832206
1060,sil,283.24917913832206,284.0329026926746
1061,在,284.0329026926746,284.2053310740547
1062,这,284.2053310740547,284.2979778719093
1063,旷无人烟,284.2979778719093,284.9009624941492
1064,的,284.9009624941492,284.9975062618119
1065,沙漠,284.9975062618119,285.3547182021637
1066,上,285.3547182021637,285.5611791383221
1067,sil,285.5611791383221,286.10517913832206
1068,面临,286.10517913832206,286.3437205842601
1069,死亡,286.3437205842601,286.71273231843736
1070,的,286.71273231843736,286.7620769107983
1071,危险,286.7620769107983,287.0967619720289
1072,的,287.0967619720289,287.1546882326265
1073,情况,287.1546882326265,287.463628289147
1074,下,287.463628289147,287.69104249741906
1075,sil,287.69104249741906,288.44129543557125
1076,尽管,288.44129543557125,288.8242523806332
1077,这样,288.8242523806332,289.0602482571419
1078,的,289.0602482571419,289.1331924371537
1079,举动,289.1331924371537,289.46517913832207
1080,sil,289.46517913832207,289.62234752664455
1081,使,289.62234752664455,289.7489611546963
1082,我,289.7489611546963,289.8542983978206
1083,感到,289.8542983978206,290.10924505871577
1084,十分,290.10924505871577,290.37335147988256
1085,荒诞,290.37335147988256,290.8145465996352
1086,sil,290.8145465996352,291.3851791383221
1087,我,291.3851791383221,291.475879065114
1088,还是,291.475879065114,291.83616296913345
1089,掏,291.83616296913345,292.03462444168656
1090,出,292.03462444168656,292.15370132521844
1091,了,292.15370132521844,292.2147663936963
1092,一,292.2147663936963,292.33384327722814
1093,张,292.33384327722814,292.52925149635735
1094,纸,292.52925149635735,292.8251791383221
1095,和,292.8251791383221,292.98418625651755
1096,一,292.98418625651755,293.11547615374496
1097,支,293.11547615374496,293.2528725578202
1098,钢笔,293.2528725578202,293.6788014104534
1099,sil,293.6788014104534,294.47875380751356
1100,这时,294.47875380751356,294.93717913832205
1101,sil,294.93717913832205,295.28117913832205
1102,我,295.28117913832205,295.38570572835255
1103,却,295.38570572835255,295.5078358653083
1104,又,295.5078358653083,295.745989632372
1105,记,295.745989632372,295.9307677638646
1106,起,295.9307677638646,296.20117913832206
1107,sil,296.20117913832206,296.72117913832204
1108,我,296.72117913832204,296.85737387866936
1109,只,296.85737387866936,296.9733562813375
1110,学,296.9733562813375,297.15394604723383
1111,过,297.15394604723383,297.34517913832207
1112,地理,297.34517913832207,297.76117913832206
1113,sil,297.76117913832206,298.04117913832204
1114,历史,298.04117913832204,298.52117913832205
1115,sil,298.52117913832205,298.74678355055704
1116,算术,298.74678355055704,299.1079630823497
1117,和,299.1079630823497,299.2181833205521
1118,语法,299.2181833205521,299.644459686144
1119,sil,299.644459686144,300.3365317427668
1120,就,300.3365317427668,300.5078389655563
1121,有点,300.5078389655563,300.79317913832205
1122,不,300.79317913832205,300.9200469703935
1123,大,300.9200469703935,301.0645874396222
1124,高兴,301.0645874396222,301.4928554965959
1125,地,301.4928554965959,301.62517913832204
1126,sil,301.62517913832204,301.86517913832205
1127,对,301.86517913832205,301.95485138932435
1128,小家伙,301.95485138932435,302.42055687142016
1129,说,302.42055687142016,302.67317913832204
1130,sil,302.67317913832204,303.08117913832206
1131,我,303.08117913832206,303.19790090738456
1132,不,303.19790090738456,303.3972860000808
1133,会,303.3972860000808,303.569169700681
1134,画画,303.569169700681,303.93717913832205
1135,sil,303.93717913832205,304.7792309529064
1136,他,304.7792309529064,304.9167379133866
1137,回答,304.9167379133866,305.1769481050485
1138,我,305.1769481050485,305.3258658814524
1139,说,305.3258658814524,305.55317913832204
1140,sil,305.55317913832204,306.11317913832204
1141,没有,306.11317913832204,306.4128926846644
1142,关系,306.4128926846644,306.90517913832207
1143,sil,306.90517913832207,307.36197757512866
1144,给,307.36197757512866,307.4713390671752
1145,我,307.4713390671752,307.5783737189655
1146,画,307.5783737189655,307.76917461998295
1147,一,307.76917461998295,307.85294086921016
1148,只,307.85294086921016,308.0181465274082
1149,羊,308.0181465274082,308.2578110738081
1150,吧,308.2578110738081,308.4611904028976
1151,sil,308.4611904028976,309.23317913832204
1152,因为,309.23317913832204,309.4407901508042
1153,我,309.4407901508042,309.60117913832204
1154,从来,309.60117913832204,309.9589068344012
1155,没有,309.9589068344012,310.19159086003225
1156,画,310.19159086003225,310.35446967797395
1157,过,310.35446967797395,310.4842106842591
1158,羊,310.4842106842591,310.72117913832204
1159,sil,310.72117913832204,311.37717913832205
1160,我,311.37717913832205,311.4827464523304
1161,就,311.4827464523304,311.60117913832204
1162,给,311.60117913832204,311.7235991371037
1163,他,311.7235991371037,311.85695551422197
1164,重,311.85695551422197,312.1090999247397
1165,画,312.1090999247397,312.32117913832207
1166,sil,312.32117913832207,312.65599037962573
1167,我,312.65599037962573,312.73891787464044
1168,所,312.73891787464044,312.8946870882492
1169,仅仅,312.8946870882492,313.2616965174765
1170,会,313.2616965174765,313.4566881949436
1171,画,313.4566881949436,313.60237163213156
1172,的,313.60237163213156,313.69202297809346
1173,两,313.69202297809346,313.88029080461337
1174,幅,313.88029080461337,314.00356140531096
1175,画,314.00356140531096,314.15596869344614
1176,中,314.15596869344614,314.339753952668
1177,的,314.339753952668,314.49717913832205
1178,sil,314.49717913832205,314.8011791383221
1179,那,314.8011791383221,314.89635669321285
1180,幅,314.89635669321285,315.0420401304009
1181,闭,315.0420401304009,315.25717913832204
1182,着,315.25717913832204,315.35133727396936
1183,肚皮,315.35133727396936,315.65839313388875
1184,的,315.65839313388875,315.72563164336015
1185,巨蟒,315.72563164336015,316.1945829457319
1186,sil,316.1945829457319,316.96117913832205
1187,不,316.96117913832205,317.2891791383221
1188,sil,317.2891791383221,317.7953915586167
1189,不,317.7953915586167,318.05089789460806
1190,sil,318.05089789460806,318.8971791383221
1191,我,318.8971791383221,319.0186201702831
1192,听,319.0186201702831,319.2113705641011
1193,了,319.2113705641011,319.2696439389763
1194,他,319.2696439389763,319.3929145396739
1195,的,319.3929145396739,319.4668769000924
1196,话,319.4668769000924,319.6811791383221
1197,sil,319.6811791383221,320.0787473362822
1198,简直,320.0787473362822,320.43473368848026
1199,目瞪口呆,320.43473368848026,321.03317913832205
1200,sil,321.03317913832205,321.6571791383221
1201,我,321.6571791383221,321.81088184899494
1202,不,321.81088184899494,321.9991496755149
1203,要,321.9991496755149,322.1919000693329
1204,蟒蛇,322.1919000693329,322.71317913832206
1205,sil,322.71317913832206,323.2766813554715
1206,它,323.2766813554715,323.39840985628217
1207,肚子,323.39840985628217,323.67184646146586
1208,里,323.67184646146586,323.8971791383221
1209,sil,323.8971791383221,324.1156206239771
1210,还,324.1156206239771,324.236761411861
1211,有,324.236761411861,324.35859186149054
1212,一,324.35859186149054,324.4787085751227
1213,头,324.4787085751227,324.6441148888445
1214,象,324.6441148888445,324.92917913832207
1215,sil,324.92917913832207,325.55769039960546
1216,巨蟒,325.55769039960546,325.8890076700095
1217,这,325.8890076700095,326.07175334445384
1218,东西,326.07175334445384,326.3560243935895
1219,太,326.3560243935895,326.5201570826738
1220,危险,326.5201570826738,326.9451791383221
1221,sil,326.9451791383221,327.39317913832207
1222,大象,327.39317913832207,327.80917913832207
1223,sil,327.80917913832207,327.93363800716963
1224,又,327.93363800716963,328.0453159193301
1225,太,328.0453159193301,328.25175084786906
1226,占,328.25175084786906,328.4378807014698
1227,地方,328.4378807014698,328.80917913832207
1228,sil,328.80917913832207,329.38887431942317
1229,我,329.38887431942317,329.57838835218024
1230,住,329.57838835218024,329.7205238767481
1231,的,329.7205238767481,329.81189671397027
1232,地方,329.81189671397027,330.12917913832206
1233,非常,330.12917913832206,330.45489075368187
1234,小,330.45489075368187,330.79669284847597
1235,sil,330.79669284847597,331.25717913832204
1236,我,331.25717913832204,331.36003281718064
1237,需要,331.36003281718064,331.6409196871599
1238,一,331.6409196871599,331.7559817784767
1239,只,331.7559817784767,331.8913489447318
1240,羊,331.8913489447318,332.18517913832204
1241,sil,332.18517913832204,332.8050773169536
1242,给,332.8050773169536,332.9810546330852
1243,我,332.9810546330852,333.20117913832206
1244,sil,333.20117913832206,333.47317913832205
1245,画,333.47317913832205,333.56402714621356
1246,一,333.56402714621356,333.6790892375304
1247,只,333.6790892375304,333.84152983703643
1248,羊,333.84152983703643,334.088574915452
1249,吧,334.088574915452,334.322083277242
1250,sil,334.322083277242,335.4727041904101
1251,我,335.4727041904101,335.59115046088334
1252,就,335.59115046088334,335.72117913832204
1253,给,335.72117913832204,335.83171640030827
1254,他,335.83171640030827,335.97723610403244
1255,画,335.97723610403244,336.24120207822983
1256,了,336.24120207822983,336.37717913832205
1257,sil,336.37717913832205,337.09401522563684
1258,他,337.09401522563684,337.22599821273553
1259,专心,337.22599821273553,337.5407268742786
1260,地,337.5407268742786,337.6422522489699
1261,看,337.6422522489699,337.8892973273854
1262,着,337.8892973273854,338.06517913832204
1263,sil,338.06517913832204,338.24797610750966
1264,随后,338.24797610750966,338.5491680524272
1265,又,338.5491680524272,338.7319137268716
1266,说,338.7319137268716,338.98517913832205
1267,sil,338.98517913832205,339.76747254872294
1268,我,339.76747254872294,339.95317913832207
1269,sil,339.95317913832207,340.066778491625
1270,不要,340.066778491625,340.44242237798284
1271,sil,340.44242237798284,341.0752638802253
1272,这,341.0752638802253,341.2106310464804
1273,只,341.2106310464804,341.3899925417684
1274,羊,341.3899925417684,341.64117913832206
1275,sil,341.64117913832206,341.8637776236611
1276,已经,341.8637776236611,342.145270129835
1277,病,342.145270129835,342.3043265501847
1278,得,342.3043265501847,342.3855468499378
1279,很,342.3855468499378,342.5615241660694
1280,重,342.5615241660694,342.82210596111037
1281,了,342.82210596111037,343.04117913832204
1282,sil,343.04117913832204,343.671534929361
1283,给,343.671534929361,343.78363415582476
1284,我,343.78363415582476,343.89489075368186
1285,重新,343.89489075368186,344.2781315674425
1286,画,344.2781315674425,344.4718367625032
1287,一,344.4718367625032,344.5876604873849
1288,只,344.5876604873849,344.8214466644026
1289,sil,344.8214466644026,345.76117913832206
1290,我,345.76117913832206,345.8838297960759
1291,又,345.8838297960759,346.0635562657199
1292,画,346.0635562657199,346.275234107745
1293,了,346.275234107745,346.35111861715023
1294,起来,346.35111861715023,346.71317913832206
1295,sil,346.71317913832206,347.30517913832205
1296,我,347.30517913832205,347.42279938340346
1297,的,347.42279938340346,347.5186535005469
1298,这,347.5186535005469,347.65753673928936
1299,位,347.65753673928936,347.7782584011438
1300,朋友,347.7782584011438,348.17717913832206
1301,sil,348.17717913832206,348.36137094709983
1302,天真,348.36137094709983,348.68487859245903
1303,可爱,348.68487859245903,348.9364956499606
1304,地,348.9364956499606,349.04832545329464
1305,笑,349.04832545329464,349.3518634909156
1306,了,349.3518634909156,349.53558388210723
1307,sil,349.53558388210723,350.3946595789993
1308,你,350.3946595789993,350.5384407547145
1309,看,350.5384407547145,350.8251791383221
1310,sil,350.8251791383221,351.4331791383221
1311,你,351.4331791383221,351.58484820019726
1312,画,351.58484820019726,351.7965260422224
1313,的,351.7965260422224,352.03317913832205
1314,sil,352.03317913832205,352.20917913832204
1315,不,352.20917913832204,352.3117419218685
1316,是,352.3117419218685,352.43555348984546
1317,小,352.43555348984546,352.6272617241324
1318,羊,352.6272617241324,352.8491791383221
1319,sil,352.8491791383221,353.6177721249553
1320,他,353.6177721249553,353.79350467305164
1321,说,353.79350467305164,354.05717913832206
1322,sil,354.05717913832206,354.8279303538915
1323,是,354.8279303538915,355.0396081959166
1324,头,355.0396081959166,355.19537113627473
1325,公羊,355.19537113627473,355.69717913832204
1326,sil,355.69717913832204,356.16199702769245
1327,还,356.16199702769245,356.3057782034076
1328,有,356.3057782034076,356.4575472222181
1329,犄角,356.4575472222181,356.88889074936367
1330,呢,356.88889074936367,357.1005685913888
1331,sil,357.1005685913888,358.15317913832206
1332,于是,358.15317913832206,358.5851791383221
1333,sil,358.5851791383221,359.0293101625762
1334,我,359.0293101625762,359.17309133829144
1335,又,359.17309133829144,359.35681172948307
1336,重新,359.35681172948307,359.70028898258045
1337,画,359.70028898258045,359.8480640798433
1338,了,359.8480640798433,359.9399242754391
1339,一,359.9399242754391,360.04776015722547
1340,张,360.04776015722547,360.28117913832205
1341,sil,360.28117913832205,361.1451791383221
1342,这,361.1451791383221,361.274228008882
1343,幅,361.274228008882,361.43398487078775
1344,画,361.43398487078775,361.73717913832206
1345,同,361.73717913832206,361.95319467198146
1346,前,361.95319467198146,362.1528907493637
1347,几,362.1528907493637,362.29267800353125
1348,幅,362.29267800353125,362.452434865437
1349,一样,362.452434865437,362.81188780472496
1350,又,362.81188780472496,363.0555170191313
1351,被,363.0555170191313,363.20728603794174
1352,拒绝,363.20728603794174,363.5352552673301
1353,了,363.5352552673301,363.7051791383221
1354,sil,363.7051791383221,364.57766879126524
1355,这,364.57766879126524,364.70946820233746
1356,一,364.70946820233746,364.8452615349574
1357,只,364.8452615349574,365.0209940830537
1358,太,365.0209940830537,365.22867800353123
1359,老,365.22867800353123,365.500264668771
1360,了,365.500264668771,365.7291791383221
1361,sil,365.7291791383221,366.25511584127577
1362,我,366.25511584127577,366.4574516553578
1363,想,366.4574516553578,366.6550598882937
1364,要,366.6550598882937,366.88117913832207
1365,sil,366.88117913832207,367.18517913832204
1366,一,367.18517913832204,367.2762055726248
1367,只,367.2762055726248,367.4239806698876
1368,能,367.4239806698876,367.55178615941225
1369,活,367.55178615941225,367.75148223679446
1370,得,367.75148223679446,367.8473363539379
1371,长,367.8473363539379,368.07898380370125
1372,的,368.07898380370125,368.2187710578688
1373,羊,368.2187710578688,368.47317913832205
1374,sil,368.47317913832205,369.44117913832207
1375,我,369.44117913832207,369.5547203635228
1376,不耐烦,369.5547203635228,370.0339909492401
1377,了,370.0339909492401,370.20117913832206
1378,sil,370.20117913832206,370.7051791383221
1379,因为,370.7051791383221,371.0491791383221
1380,sil,371.0491791383221,371.2651791383221
1381,我,371.2651791383221,371.3759485892485
1382,急于,371.3759485892485,371.7151762474495
1383,要,371.7151762474495,371.87493310935525
1384,检修,371.87493310935525,372.19844075471445
1385,发动机,372.19844075471445,372.67317913832204
1386,sil,372.67317913832204,373.28117913832205
1387,于是,373.28117913832205,373.5124409438894
1388,就,373.5124409438894,373.6881734919857
1389,草草,373.6881734919857,374.0835717252025
1390,画,374.0835717252025,374.23167468054265
1391,了,374.23167468054265,374.30755918994794
1392,这,374.30755918994794,374.4513403656631
1393,张,374.4513403656631,374.62707291375943
1394,画,374.62707291375943,374.8866778143563
1395,sil,374.8866778143563,375.39317913832207
1396,并且,375.39317913832207,375.62155937912286
1397,匆匆,375.62155937912286,376.00098192614905
1398,地,376.00098192614905,376.0971791383221
1399,对,376.0971791383221,376.18070839579303
1400,他,376.18070839579303,376.32049564996055
1401,说,376.32049564996055,376.4962281980569
1402,道,376.4962281980569,376.7118999616297
1403,sil,376.7118999616297,377.8029999723312
1404,这,377.8029999723312,377.9228176187605
1405,是,377.9228176187605,378.0386413436422
1406,一,378.0386413436422,378.09855016685685
1407,只,378.09855016685685,378.242331342572
1408,箱子,378.242331342572,378.6811791383221
1409,sil,378.6811791383221,379.22517913832206
1410,你,379.22517913832206,379.3566354543647
1411,要,379.3566354543647,379.4724591792464
1412,的,379.4724591792464,379.55633153174693
1413,羊,379.55633153174693,379.79317913832205
1414,sil,379.79317913832205,380.00917913832205
1415,就,380.00917913832205,380.1074927053218
1416,在,380.1074927053218,380.2313042732988
1417,里面,380.2313042732988,380.5471033060212
1418,sil,380.5471033060212,381.59351075150397
1419,这,381.59351075150397,381.7452797703144
1420,时,381.7452797703144,382.0491791383221
1421,sil,382.0491791383221,382.5371791383221
1422,我,382.5371791383221,382.6317443935699
1423,十分,382.6317443935699,382.91930674500026
1424,惊奇,382.91930674500026,383.2388204688118
1425,地,383.2388204688118,383.33467458595527
1426,看到,383.33467458595527,383.65418830976677
1427,我,383.65418830976677,383.7660181131008
1428,的,383.7660181131008,383.8458965440537
1429,这,383.8458965440537,383.9816898766736
1430,位,383.9816898766736,384.1015075231029
1431,小,384.1015075231029,384.2452886988181
1432,评判员,384.2452886988181,384.76917913832204
1433,sil,384.76917913832204,384.95620673429875
1434,喜笑颜开,384.95620673429875,385.74517913832204
1435,sil,385.74517913832204,386.5298118240705
1436,他,386.5298118240705,386.65761731359515
1437,说,386.65761731359515,386.91317913832205
1438,sil,386.91317913832205,387.88917913832205
1439,这,387.88917913832205,387.9915871105083
1440,正,387.9915871105083,388.20725887408105
1441,是,388.20725887408105,388.35902789289156
1442,我,388.35902789289156,388.48683338241614
1443,想,388.48683338241614,388.6685290406272
1444,要,388.6685290406272,388.8842008042
1445,的,388.8842008042,389.06517913832204
1446,sil,389.06517913832204,389.68917913832206
1447,你,389.68917913832206,389.8587176618252
1448,说,389.8587176618252,390.1063407977791
1449,这,390.1063407977791,390.23414628730376
1450,只,390.23414628730376,390.35396393373304
1451,羊,390.35396393373304,390.60117913832204
1452,sil,390.60117913832204,391.0009792244514
1453,需要,391.0009792244514,391.24061451731006
1454,很,391.24061451731006,391.3843956930252
1455,多,391.3843956930252,391.50421333945457
1456,草,391.50421333945457,391.74384863231325
1457,吗,391.74384863231325,391.96117913832205
1458,sil,391.96117913832205,392.86517913832205
1459,为什么,392.86517913832205,393.2891791383221
1460,sil,393.2891791383221,394.12917913832206
1461,因为,394.12917913832206,394.3518847246775
1462,我,394.3518847246775,394.503653743488
1463,住,394.503653743488,394.6793862915843
1464,的,394.6793862915843,394.77524040872777
1465,地方,394.77524040872777,395.1451791383221
1466,sil,395.1451791383221,395.3611791383221
1467,一切,395.3611791383221,395.60597609063774
1468,都,395.60597609063774,395.74517913832204
1469,非常,395.74517913832204,396.01335608849746
1470,小,396.01335608849746,396.39317913832207
1471,sil,396.39317913832207,397.13717913832204
1472,地方,397.13717913832204,397.4310987983019
1473,小,397.4310987983019,397.7028975688106
1474,sil,397.7028975688106,398.05717913832206
1475,也,398.05717913832206,398.20937034744696
1476,够,398.20937034744696,398.38354105650046
1477,喂养,398.38354105650046,398.6762474247406
1478,它,398.6762474247406,398.87062405121253
1479,的,398.87062405121253,399.0466880321088
1480,sil,399.0466880321088,399.7051791383221
1481,我,399.7051791383221,399.82136954805264
1482,说,399.82136954805264,400.06517913832204
1483,sil,400.06517913832204,400.6226560416606
1484,我,400.6226560416606,400.7084872323476
1485,给,400.7084872323476,400.8119248211242
1486,你,400.8119248211242,400.939571207274
1487,画,400.939571207274,401.12443838721515
1488,的,401.12443838721515,401.30517913832205
1489,sil,401.30517913832205,401.4941727470974
1490,是,401.4941727470974,401.6350239318145
1491,一,401.6350239318145,401.71865432274024
1492,只,401.71865432274024,401.84409990912883
1493,很,401.84409990912883,402.04437268739844
1494,小,402.04437268739844,402.29993119279686
1495,的,402.29993119279686,402.41657358014066
1496,小,402.41657358014066,402.6432559555447
1497,羊,402.6432559555447,402.93717913832205
1498,sil,402.93717913832205,403.83802208165895
1499,他,403.83802208165895,403.947113010693
1500,把,403.947113010693,404.05392810413707
1501,脑袋,404.05392810413707,404.4277809311912
1502,靠,404.4277809311912,404.62246791819524
1503,近,404.62246791819524,404.7890672766637
1504,这,404.7890672766637,404.89902399050317
1505,张,404.89902399050317,405.05296338987836
1506,画,405.05296338987836,405.2861483245312
1507,sil,405.2861483245312,406.2171791383221
1508,并,406.2171791383221,406.3898586619033
1509,不,406.3898586619033,406.5242137228492
1510,像,406.5242137228492,406.7126296387611
1511,你,406.7126296387611,406.84551244261473
1512,说,406.84551244261473,407.01012845335885
1513,的,407.01012845335885,407.1112780503221
1514,那么,407.1112780503221,407.34729377656964
1515,小,407.34729377656964,407.69717913832204
1516,sil,407.69717913832204,408.3471076694147
1517,瞧,408.3471076694147,408.64262315858184
1518,sil,408.64262315858184,409.1966102772996
1519,它,409.1966102772996,409.28585992167893
1520,睡,409.28585992167893,409.4465092815617
1521,着,409.4465092815617,409.678558356948
1522,了,409.678558356948,409.8729242491518
1523,sil,409.8729242491518,410.4024721391358
1524,就,410.4024721391358,410.54527157014275
1525,这样,410.54527157014275,410.9771791383221
1526,sil,410.9771791383221,411.50553550377646
1527,我,411.50553550377646,411.68248664051225
1528,认识,411.68248664051225,411.9641188516648
1529,了,411.9641188516648,412.1981512524817
1530,sil,412.1981512524817,412.49961671794074
1531,小王子,412.49961671794074,413.41987971776314
1532,sil,413.41987971776314,414.6331791383221
1533,我,414.6331791383221,414.7347062685298
1534,费,414.7347062685298,414.870200700995
1535,了,414.870200700995,414.9635819990453
1536,好,414.9635819990453,415.14118956592534
1537,长,415.14118956592534,415.327952162026
1538,时间,415.327952162026,415.62274410292997
1539,才,415.62274410292997,415.7545765237069
1540,弄,415.7545765237069,415.92119805552215
1541,清楚,415.92119805552215,416.32117913832207
1542,sil,416.32117913832207,416.70364455942644
1543,他,416.70364455942644,416.8043578344048
1544,是,416.8043578344048,416.91999511453207
1545,从,416.91999511453207,417.02792324265084
1546,哪里,417.02792324265084,417.33518801556045
1547,来,417.33518801556045,417.5290181232024
1548,的,417.5290181232024,417.71893729999323
1549,sil,417.71893729999323,418.5068154325394
1550,小王子,418.5068154325394,419.08917913832204
1551,sil,419.08917913832204,419.28508578495143
1552,向,419.28508578495143,419.42217601304526
1553,我,419.42217601304526,419.5126609822963
1554,提出,419.5126609822963,419.7612802872233
1555,了,419.7612802872233,419.8486812150705
1556,很,419.8486812150705,420.0531993862329
1557,多,420.0531993862329,420.20411165498234
1558,问题,420.20411165498234,420.6091791383221
1559,sil,420.6091791383221,421.1225361537294
1560,可是,421.1225361537294,421.39755774002185
1561,对,421.39755774002185,421.5700289043069
1562,我,421.5700289043069,421.6958862404069
1563,提,421.6958862404069,421.8613653304642
1564,出,421.8613653304642,421.959254369653
1565,的,421.959254369653,422.0408285689771
1566,问题,422.0408285689771,422.44917913832205
1567,sil,422.44917913832205,422.91731068838334
1568,他,422.91731068838334,423.0352640604553
1569,好像,423.0352640604553,423.2795941534245
1570,压根儿,423.2795941534245,423.5767523746033
1571,没有,423.5767523746033,423.7913666454547
1572,听见,423.7913666454547,424.1710688169609
1573,似的,424.1710688169609,424.43925217862886
1574,sil,424.43925217862886,425.30070589176415
1575,他,425.30070589176415,425.4550630788765
1576,无意,425.4550630788765,425.6927896558195
1577,中,425.6927896558195,425.90517913832207
1578,sil,425.90517913832207,426.1286217135484
1579,吐露,426.1286217135484,426.38615883857005
1580,的,426.38615883857005,426.4594622469223
1581,一些,426.4594622469223,426.7380708315901
1582,话,426.7380708315901,426.92917913832207
1583,逐渐,426.92917913832207,427.23609103948996
1584,使,427.23609103948996,427.3703886236427
1585,我,427.3703886236427,427.46517913832207
1586,搞清,427.46517913832207,427.7593311298246
1587,了,427.7593311298246,427.85267334811283
1588,他,427.85267334811283,427.9829635278068
1589,的,427.9829635278068,428.0724164869997
1590,来历,428.0724164869997,428.46517913832207
1591,sil,428.46517913832207,429.1211791383221
1592,例如,429.1211791383221,429.5051791383221
1593,sil,429.5051791383221,429.93717913832205
1594,当,429.93717913832205,430.0546351223571
1595,他,430.0546351223571,430.16839595089584
1596,第一,430.16839595089584,430.38619446023506
1597,次,430.38619446023506,430.5685653255012
1598,瞅见,430.5685653255012,430.8504455682588
1599,我,430.8504455682588,430.9463631508639
1600,的,430.9463631508639,431.0344507267256
1601,飞机,431.0344507267256,431.3417784913989
1602,时,431.3417784913989,431.59317913832206
1603,sil,431.59317913832206,432.29348766721427
1604,我,432.29348766721427,432.38744774813347
1605,就,432.38744774813347,432.52643036782644
1606,不,432.52643036782644,432.6889030077493
1607,画,432.6889030077493,432.84746064430044
1608,出,432.84746064430044,432.9731347845338
1609,我,432.9731347845338,433.05143485196646
1610,的,433.05143485196646,433.14539493288567
1611,飞机,433.14539493288567,433.4377527509846
1612,了,433.4377527509846,433.56917913832206
1613,sil,433.56917913832206,434.1451791383221
1614,因为,434.1451791383221,434.314675256
1615,这,434.314675256,434.451622158505
1616,种,434.451622158505,434.60745828894176
1617,图画,434.60745828894176,434.87308805673166
1618,对,434.87308805673166,435.02897256405697
1619,我,435.02897256405697,435.11161293625827
1620,来,435.11161293625827,435.22494830384863
1621,说,435.22494830384863,435.36917913832207
1622,太,435.36917913832207,435.57717913832204
1623,复杂,435.57717913832204,435.9211791383221
1624,sil,435.9211791383221,436.4598315798852
1625,他,436.4598315798852,436.5689784625576
1626,问,436.5689784625576,436.7059253650626
1627,我,436.7059253650626,436.7980103512298
1628,道,436.7980103512298,436.9931791383221
1629,sil,436.9931791383221,437.83317913832207
1630,这,437.83317913832207,437.9725141581139
1631,是,437.9725141581139,438.10001644665306
1632,个,438.10001644665306,438.3371791383221
1633,sil,438.3371791383221,438.47543985179607
1634,啥,438.47543985179607,438.7469725033146
1635,玩意儿,438.7469725033146,439.13892398289795
1636,sil,439.13892398289795,440.066424571845
1637,这,440.066424571845,440.2246218557732
1638,不,440.2246218557732,440.40170836763315
1639,是,440.40170836763315,440.54809988410403
1640,玩意儿,440.54809988410403,440.93717913832205
1641,sil,440.93717913832205,441.3771029585129
1642,它,441.3771029585129,441.4809937121374
1643,能,441.4809937121374,441.6509967635229
1644,飞,441.6509967635229,441.8871121126695
1645,sil,441.8871121126695,442.50492688340756
1646,这,442.50492688340756,442.6347903254382
1647,是,442.6347903254382,442.7457645395371
1648,飞机,442.7457645395371,443.13717913832204
1649,sil,443.13717913832204,443.42813789857064
1650,是,443.42813789857064,443.60050210344764
1651,我,443.60050210344764,443.8035613037137
1652,的,443.8035613037137,443.90272975035526
1653,飞机,443.90272975035526,444.32117913832207
1654,sil,444.32117913832207,445.07756690781025
1655,我,445.07756690781025,445.1578461265201
1656,当时,445.1578461265201,445.42229531756425
1657,很,445.42229531756425,445.6111875968815
1658,骄傲,445.6111875968815,445.92917913832207
1659,地,445.92917913832207,446.0173059974136
1660,告诉,446.0173059974136,446.2770328814748
1661,他,446.2770328814748,446.4753697747579
1662,我,446.4753697747579,446.71617589472936
1663,能,446.71617589472936,446.8641664767838
1664,飞,446.8641664767838,447.0821645796903
1665,sil,447.0821645796903,447.86517913832205
1666,于是,447.86517913832205,448.0504702784086
1667,他,448.0504702784086,448.17098955481225
1668,惊奇,448.17098955481225,448.5024175649221
1669,地,448.5024175649221,448.59989639142503
1670,说道,448.59989639142503,448.92600737463476
1671,sil,448.92600737463476,449.57254595685913
1672,怎么,449.57254595685913,449.95317913832207
1673,sil,449.95317913832207,450.4817575567863
1674,你,450.4817575567863,450.65359723546396
1675,是,450.65359723546396,450.787051131702
1676,从,450.787051131702,450.95347599054
1677,天,450.95347599054,451.1308911702447
1678,上,451.1308911702447,451.26905520399697
1679,掉,451.26905520399697,451.4841514838159
1680,下来,451.4841514838159,451.7698998263491
1681,的,451.7698998263491,451.92917913832207
1682,sil,451.92917913832207,452.66624997297174
1683,是,452.66624997297174,452.88291629862874
1684,的,452.88291629862874,453.05562134081913
1685,sil,453.05562134081913,453.68991985940926
1686,我,453.68991985940926,453.7850309608609
1687,谦逊,453.7850309608609,454.19012274079273
1688,地,454.19012274079273,454.25178027838564
1689,答道,454.25178027838564,454.60557710124004
1690,sil,454.60557710124004,455.0957447144117
1691,啊,455.0957447144117,455.3996282925481
1692,sil,455.3996282925481,455.95763017397695
1693,这,455.95763017397695,456.0882854322095
1694,真,456.0882854322095,456.2982146673472
1695,滑稽,456.2982146673472,456.7533060162471
1696,sil,456.7533060162471,457.70860233383416
1697,此时,457.70860233383416,457.9751796926951
1698,小王子,457.9751796926951,458.5131791383221
1699,sil,458.5131791383221,458.8155381803823
1700,发出,458.8155381803823,459.0908875963779
1701,一,459.0908875963779,459.22354405036
1702,阵,459.22354405036,459.371909821261
1703,清脆,459.371909821261,459.7497484279738
1704,的,459.7497484279738,459.82829501256845
1705,笑声,459.82829501256845,460.22517913832206
1706,sil,460.22517913832206,460.90421716240616
1707,这,460.90421716240616,461.00545498255036
1708,使,461.00545498255036,461.1957122652352
1709,我,461.1957122652352,461.29171364640644
1710,很,461.29171364640644,461.4278610597038
1711,不,461.4278610597038,461.5640084730012
1712,高兴,461.5640084730012,462.00561482638886
1713,sil,462.00561482638886,462.64033342407953
1714,我,462.64033342407953,462.7764808373769
1715,要求,462.7764808373769,463.0644849808906
1716,别人,463.0644849808906,463.38586274401524
1717,严肃,463.38586274401524,463.694100958652
1718,地,463.694100958652,463.8011791383221
1719,对待,463.8011791383221,464.0356622235197
1720,我,464.0356622235197,464.1506267468166
1721,的,464.1506267468166,464.21727284727865
1722,不幸,464.21727284727865,464.57717913832204
1723,sil,464.57717913832204,465.287899667899
1724,然后,465.287899667899,465.5294917820737
1725,他,465.5294917820737,465.66111783048615
1726,又,465.66111783048615,465.80771818699384
1727,说道,465.80771818699384,466.13717913832204
1728,sil,466.13717913832204,466.96069572498635
1729,那么,466.96069572498635,467.3205846674811
1730,sil,467.3205846674811,467.79317913832205
1731,你,467.79317913832205,467.9639114112084
1732,也,467.9639114112084,468.0791866796129
1733,是,468.0791866796129,468.200085131842
1734,从,468.200085131842,468.3519110951064
1735,天,468.3519110951064,468.5177950179324
1736,上,468.5177950179324,468.6330702863369
1737,来,468.6330702863369,468.83550490402274
1738,的,468.83550490402274,468.9564033562518
1739,了,468.9564033562518,469.09879590202456
1740,sil,469.09879590202456,469.65689689661696
1741,你,469.65689689661696,469.84472155081676
1742,是,469.84472155081676,470.1777442983713
1743,sil,470.1777442983713,470.34391609364917
1744,哪个,470.34391609364917,470.6241427640926
1745,星球,470.6241427640926,470.9215919309469
1746,上,470.9215919309469,471.096733599974
1747,的,471.096733599974,471.22517913832206
1748,sil,471.22517913832206,472.27388393418477
1749,即刻,472.27388393418477,472.7032635098642
1750,sil,472.7032635098642,473.3851791383221
1751,对于,473.3851791383221,473.581011303207
1752,他,473.581011303207,473.75585856087224
1753,是,473.75585856087224,473.8616305068213
1754,从,473.8616305068213,473.9869295812533
1755,哪里,473.9869295812533,474.261936640721
1756,来,474.261936640721,474.4100173650497
1757,的,474.4100173650497,474.494634921809
1758,这个,474.494634921809,474.673633599569
1759,秘密,474.673633599569,475.08117913832206
1760,sil,475.08117913832206,475.3611791383221
1761,我,475.3611791383221,475.4852573906853
1762,隐约,475.4852573906853,475.7732825358082
1763,发现,475.7732825358082,476.0865467819512
1764,到,476.0865467819512,476.2064893861352
1765,了,476.2064893861352,476.2819588898914
1766,一点,476.2819588898914,476.53936380448846
1767,线索,476.53936380448846,477.01569608553336
1768,sil,477.01569608553336,477.6811791383221
1769,于是,477.6811791383221,478.0411791383221
1770,sil,478.0411791383221,478.42642195625785
1771,我,478.42642195625785,478.50862980856374
1772,就,478.50862980856374,478.6150957156484
1773,突然,478.6150957156484,478.88462965763483
1774,问道,478.88462965763483,479.25552631357345
1775,sil,479.25552631357345,480.27317913832206
1776,你,480.27317913832206,480.4027623314793
1777,是,480.4027623314793,480.5841273653286
1778,从,480.5841273653286,480.7945108045937
1779,另,480.7945108045937,481.0181810248287
1780,一,481.0181810248287,481.0846948587525
1781,个,481.0846948587525,481.1735637253387
1782,星球,481.1735637253387,481.4430134386363
1783,上,481.4430134386363,481.5385377140747
1784,来,481.5385377140747,481.6998328021101
1785,的,481.6998328021101,481.76403764297856
1786,吗,481.76403764297856,481.9451791383221
1787,sil,481.9451791383221,482.9124534712242
1788,可是,482.9124534712242,483.13168951321404
1789,他,483.13168951321404,483.25853322322246
1790,不,483.25853322322246,483.40682521485485
1791,回答,483.40682521485485,483.66975815996
1792,我,483.66975815996,483.78504821650995
1793,的,483.78504821650995,483.8626692446822
1794,问题,483.8626692446822,484.2651791383221
1795,sil,484.2651791383221,484.7024143178643
1796,他,484.7024143178643,484.85137820281255
1797,一面,484.85137820281255,485.1299007156659
1798,看,485.1299007156659,485.31025545759553
1799,着,485.31025545759553,485.40385728568555
1800,我,485.40385728568555,485.45864859968947
1801,的,485.45864859968947,485.56138231344687
1802,飞机,485.56138231344687,485.92917913832207
1803,sil,485.92917913832207,486.20117913832206
1804,一面,486.20117913832206,486.4965573477467
1805,微微,486.4965573477467,486.73717913832206
1806,地,486.73717913832206,486.8253052317703
1807,点点,486.8253052317703,487.1494871729603
1808,头,487.1494871729603,487.4091791383221
1809,sil,487.4091791383221,487.8754720835124
1810,接着,487.8754720835124,488.1037692251955
1811,说道,488.1037692251955,488.46447870905473
1812,sil,488.46447870905473,489.0763150487653
1813,可,489.0763150487653,489.2931973333642
1814,不,489.2931973333642,489.4527650170545
1815,是,489.4527650170545,489.6316813227967
1816,吗,489.6316813227967,489.84117913832205
1817,sil,489.84117913832205,490.38834822051086
1818,乘坐,490.38834822051086,490.6592507743929
1819,这,490.6592507743929,490.8505655854579
1820,玩意儿,490.8505655854579,491.26853661357296
1821,sil,491.26853661357296,491.72117913832204
1822,你,491.72117913832204,491.8251791383221
1823,不,491.8251791383221,491.971626172475
1824,可能,491.971626172475,492.3655650445203
1825,是,492.3655650445203,492.4918516685731
1826,从,492.4918516685731,492.630446525342
1827,很,492.630446525342,492.82110156038
1828,远,492.82110156038,492.95480768884823
1829,的,492.95480768884823,493.05632530490743
1830,地方,493.05632530490743,493.33067233596796
1831,来,493.33067233596796,493.4579151403315
1832,的,493.4579151403315,493.6331791383221
1833,sil,493.6331791383221,494.5478054420076
1834,说,494.5478054420076,494.72805110019186
1835,到,494.72805110019186,494.86484368122166
1836,这里,494.86484368122166,495.23317913832204
1837,sil,495.23317913832204,495.6080574781186
1838,他,495.6080574781186,495.7150625504046
1839,就,495.7150625504046,495.83925143600356
1840,长,495.83925143600356,496.0925967626255
1841,时间,496.0925967626255,496.37077986636723
1842,地,496.37077986636723,496.4328743091667
1843,陷入,496.4328743091667,496.74059166060385
1844,沉思,496.74059166060385,497.08917913832204
1845,之中,497.08917913832204,497.4331791383221
1846,sil,497.4331791383221,498.08117913832206
1847,然后,498.08117913832206,498.4331791383221
1848,sil,498.4331791383221,498.6505288490443
1849,从,498.6505288490443,498.8032811783311
1850,口袋,498.8032811783311,499.1075439480486
1851,里,499.1075439480486,499.2112416675237
1852,掏,499.2112416675237,499.4043471820411
1853,出,499.4043471820411,499.5266814369452
1854,了,499.5266814369452,499.6409352116963
1855,我,499.6409352116963,499.74517913832204
1856,画,499.74517913832204,499.90647412584985
1857,的,499.90647412584985,499.9785036794973
1858,小,499.9785036794973,500.1846572295916
1859,羊,500.1846572295916,500.36917913832207
1860,sil,500.36917913832207,500.8130529907225
1861,看,500.8130529907225,500.97801407927517
1862,着,500.97801407927517,501.0539794287845
1863,他,501.0539794287845,501.2171791383221
1864,的,501.2171791383221,501.2874545337106
1865,宝贝,501.2874545337106,501.62275760683315
1866,入,501.62275760683315,501.7191860497495
1867,了,501.7191860497495,501.8070048102627
1868,神,501.8070048102627,502.08117913832206
1869,sil,502.08117913832206,502.62517913832204
1870,你们,502.62517913832204,502.8248036991689
1871,可以,502.8248036991689,503.02799220388556
1872,想见,503.02799220388556,503.4891791383221
1873,sil,503.4891791383221,503.68491097125354
1874,这,503.68491097125354,503.79345219436505
1875,种,503.79345219436505,503.94498260466224
1876,关于,503.94498260466224,504.2239363145275
1877,别,504.2239363145275,504.4409003110894
1878,的,504.4409003110894,504.5407726269671
1879,星球,504.5407726269671,504.89204766901975
1880,的,504.89204766901975,505.05717913832206
1881,若明若暗,505.05717913832206,505.7702352741513
1882,的,505.7702352741513,505.8287811144933
1883,话语,505.8287811144933,506.15317913832206
1884,sil,506.15317913832206,506.29659142124757
1885,使,506.29659142124757,506.42636794555585
1886,我,506.42636794555585,506.5066676718869
1887,心里,506.5066676718869,506.8032150471204
1888,多么,506.8032150471204,507.06338706741764
1889,好奇,507.06338706741764,507.4811791383221
1890,sil,507.4811791383221,508.0110497408675
1891,因此,508.0110497408675,508.4750678801605
1892,sil,508.4750678801605,508.67317913832204
1893,我,508.67317913832204,508.7770093033734
1894,竭力,508.7770093033734,509.14446875472106
1895,地,509.14446875472106,509.2329808853376
1896,想,509.2329808853376,509.42714465251606
1897,知道,509.42714465251606,509.72128682713117
1898,其中,509.72128682713117,510.03896037571553
1899,更,510.03896037571553,510.2115237848231
1900,多,510.2115237848231,510.37820435043835
1901,的,510.37820435043835,510.47625174197674
1902,奥秘,510.47625174197674,510.86059751680716
1903,sil,510.86059751680716,511.4811791383221
1904,你,511.4811791383221,511.57941160634806
1905,是,511.57941160634806,511.6941291538532
1906,从,511.6941291538532,511.8691621129333
1907,哪里,511.8691621129333,512.0879533117834
1908,来,512.0879533117834,512.2641689259923
1909,的,512.2641689259923,512.433179138322
1910,sil,512.433179138322,512.8024611568401
1911,我,512.8024611568401,512.8923429466379
1912,的,512.8923429466379,512.964484909502
1913,小,512.964484909502,513.1152734384391
1914,家伙,513.1152734384391,513.4960883899512
1915,sil,513.4960883899512,514.1140027953167
1916,你,514.1140027953167,514.2380836905251
1917,的,514.2380836905251,514.3224287581742
1918,家,514.3224287581742,514.5338854066464
1919,在,514.5338854066464,514.6526812765748
1920,什么,514.6526812765748,514.8665138424457
1921,地方,514.8665138424457,515.209179138322
1922,sil,515.209179138322,515.753179138322
1923,你,515.753179138322,515.8084644279128
1924,要,515.8084644279128,515.9134565592306
1925,把,515.9134565592306,516.0487166923697
1926,你,516.0487166923697,516.1641134493136
1927,的,516.1641134493136,516.2587009550053
1928,小,516.2587009550053,516.4270667151366
1929,羊,516.4270667151366,516.625179138322
1930,sil,516.625179138322,516.7499605701587
1931,带到,516.7499605701587,516.9230557055745
1932,哪里,516.9230557055745,517.1774960958852
1933,去,517.1774960958852,517.425179138322
1934,sil,517.425179138322,518.3478774767243
1935,他,518.3478774767243,518.4708412341236
1936,沉思,518.4708412341236,518.796222253703
1937,了,518.796222253703,518.8908097593948
1938,一会儿,518.8908097593948,519.209179138322
1939,sil,519.209179138322,519.4545512933174
1940,然后,519.4545512933174,519.6726273171756
1941,回答,519.6726273171756,519.9639568347061
1942,我,519.9639568347061,520.0850288419915
1943,说,520.0850288419915,520.3158223558793
1944,sil,520.3158223558793,520.9400998934445
1945,好,520.9400998934445,521.1254914046003
1946,在,521.1254914046003,521.3827694200818
1947,sil,521.3827694200818,521.6400474355632
1948,有,521.6400474355632,521.8139841686607
1949,你,521.8139841686607,521.9449849648794
1950,给,521.9449849648794,522.0914990132819
1951,我,522.0914990132819,522.2069865573168
1952,的,522.2069865573168,522.2983423757324
1953,那,522.2983423757324,522.427619477264
1954,只,522.427619477264,522.544830715986
1955,箱子,522.544830715986,522.961179138322
1956,sil,522.961179138322,523.481179138322
1957,夜晚,523.481179138322,523.833179138322
1958,sil,523.833179138322,523.961133556817
1959,可以,523.961133556817,524.1339606128399
1960,给,524.1339606128399,524.271856187807
1961,小羊,524.271856187807,524.5821212314828
1962,当,524.5821212314828,524.723464195824
1963,房子,524.723464195824,525.0664794385546
1964,用,525.0664794385546,525.249179138322
1965,sil,525.249179138322,526.145179138322
1966,那,526.145179138322,526.2771644847359
1967,当然,526.2771644847359,526.673179138322
1968,sil,526.673179138322,527.249179138322
1969,如果,527.249179138322,527.4872935901898
1970,你,527.4872935901898,527.609179138322
1971,听话,527.609179138322,527.9202787446847
1972,的,527.9202787446847,527.9935884004722
1973,话,527.9935884004722,528.185179138322
1974,sil,528.185179138322,528.6098476944358
1975,我,528.6098476944358,528.6855416404953
1976,再,528.6855416404953,528.8459065125304
1977,给,528.8459065125304,528.9512891427249
1978,你,528.9512891427249,529.072708260123
1979,画,529.072708260123,529.2078729379812
1980,一,529.2078729379812,529.2857644472554
1981,根,529.2857644472554,529.4117654181401
1982,绳子,529.4117654181401,529.8091791383221
1983,sil,529.8091791383221,530.193179138322
1984,白天,530.193179138322,530.4476096925617
1985,可以,530.4476096925617,530.653793099464
1986,拴,530.653793099464,530.8210307517293
1987,住,530.8210307517293,530.9768137702777
1988,他,530.9768137702777,531.1646697632332
1989,sil,531.1646697632332,532.2341925169333
1990,我,532.2341925169333,532.3922664622249
1991,的,532.3922664622249,532.481612605216
1992,建议,532.481612605216,532.929179138322
1993,sil,532.929179138322,533.2170000898343
1994,看来,533.2170000898343,533.4658821276988
1995,有点儿,533.4658821276988,533.697265728778
1996,使,533.697265728778,533.8278485531496
1997,小王子,533.8278485531496,534.2104333192905
1998,反感,534.2104333192905,534.6113454993783
1999,sil,534.6113454993783,535.3650268681904
2000,拴,535.3650268681904,535.6239015901899
2001,住,535.6239015901899,535.7682299750215
2002,它,535.7682299750215,536.009179138322
2003,sil,536.009179138322,536.545179138322
2004,多么,536.545179138322,536.753328474666
2005,奇怪,536.753328474666,537.0371034781318
2006,的,537.0371034781318,537.1287405478662
2007,主意,537.1287405478662,537.521179138322
2008,sil,537.521179138322,538.7851791383221
2009,如果,538.7851791383221,539.0166274507212
2010,你,539.0166274507212,539.1403374948626
2011,不,539.1403374948626,539.314447927358
2012,拴,539.314447927358,539.5079483539662
2013,住,539.5079483539662,539.5847772830743
2014,它,539.5847772830743,539.801179138322
2015,sil,539.801179138322,540.2147821374981
2016,他,540.2147821374981,540.3217181832875
2017,就,540.3217181832875,540.4110643262786
2018,到处,540.4110643262786,540.6447388541012
2019,跑,540.6447388541012,540.9242319167911
2020,sil,540.9242319167911,541.3159803899055
2021,那么,541.3159803899055,541.4923817491441
2022,它,541.4923817491441,541.6115099397988
2023,会,541.6115099397988,541.7168925699933
2024,跑,541.7168925699933,541.8886310862556
2025,丢,541.8886310862556,542.0810689326978
2026,的,542.0810689326978,542.2666339989099
2027,sil,542.2666339989099,543.2013321102004
2028,我,543.2013321102004,543.3034307680763
2029,的,543.3034307680763,543.3927769110672
2030,这,543.3927769110672,543.4981595412618
2031,位,543.4981595412618,543.5989603179696
2032,朋友,543.5989603179696,544.073179138322
2033,sil,544.073179138322,544.3183113153843
2034,又,544.3183113153843,544.4806870023135
2035,笑,544.4806870023135,544.6574768732845
2036,出,544.6574768732845,544.7942059853164
2037,了,544.7942059853164,544.8778110474505
2038,声,544.8778110474505,545.121179138322
2039,sil,545.121179138322,545.873179138322
2040,你,545.873179138322,546.0076296514234
2041,想,546.0076296514234,546.1577894861472
2042,要,546.1577894861472,546.3341908453858
2043,它,546.3341908453858,546.545179138322
2044,sil,546.545179138322,546.745179138322
2045,跑,546.745179138322,546.8341792894187
2046,到,546.8341792894187,546.9260246252206
2047,哪里,546.9260246252206,547.2175764398945
2048,去,547.2175764398945,547.3808570368757
2049,呀,547.3808570368757,547.553179138322
2050,sil,547.553179138322,548.5107399684059
2051,不管,548.5107399684059,548.7381665142011
2052,什么,548.7381665142011,548.9874609970922
2053,地方,548.9874609970922,549.305179138322
2054,sil,549.305179138322,549.6857771216816
2055,它,549.6857771216816,549.7886258090111
2056,一直,549.7886258090111,550.0285571954987
2057,往,550.0285571954987,550.1826510600964
2058,前,550.1826510600964,550.3905226492516
2059,跑,550.3905226492516,550.639191705093
2060,sil,550.639191705093,551.441179138322
2061,这时,551.441179138322,551.857179138322
2062,sil,551.857179138322,552.13450647653
2063,小王子,552.13450647653,552.5775062444775
2064,郑重其事,552.5775062444775,553.2835426387331
2065,地,553.2835426387331,553.3591319565692
2066,说,553.3591319565692,553.6171791383221
2067,sil,553.6171791383221,554.4349024659217
2068,这,554.4349024659217,554.5358215827962
2069,没有,554.5358215827962,554.8963849367456
2070,什么,554.8963849367456,555.123130963456
2071,关系,555.123130963456,555.577179138322
2072,sil,555.577179138322,556.1072531936306
2073,我,556.1072531936306,556.2113333370387
2074,哪里,556.2113333370387,556.577179138322
2075,sil,556.577179138322,556.8185354435633
2076,很,556.8185354435633,557.0588382399243
2077,小,557.0588382399243,557.3028666610352
2078,很,557.3028666610352,557.5021875851486
2079,小,557.5021875851486,557.7387647567599
2080,sil,557.7387647567599,558.6962039378036
2081,接着,558.6962039378036,559.1451417201525
2082,sil,559.1451417201525,559.643089623139
2083,他,559.643089623139,559.7343674295087
2084,略,559.7343674295087,559.8998214365832
2085,带,559.8998214365832,560.0228924452737
2086,伤感,560.0228924452737,560.3465838930912
2087,地,560.3465838930912,560.4732627863334
2088,又,560.4732627863334,560.5693193602904
2089,补充,560.5693193602904,560.9688089198314
2090,了,560.9688089198314,561.0329297361463
2091,一,561.0329297361463,561.1594894078859
2092,句,561.1594894078859,561.377179138322
2093,sil,561.377179138322,562.225179138322
2094,一直,562.225179138322,562.4872176188427
2095,朝,562.4872176188427,562.6694557283694
2096,前,562.6694557283694,562.9158146542109
2097,走,562.9158146542109,563.161179138322
2098,sil,563.161179138322,563.649179138322
2099,也,563.649179138322,563.7896399605422
2100,不会,563.7896399605422,564.1642405190136
2101,走,564.1642405190136,564.350547644183
2102,出,564.350547644183,564.5017184996184
2103,多,564.5017184996184,564.6873313889511
2104,远,564.6873313889511,564.9471894340168
2105,sil,564.9471894340168,566.0
